"Repro.ID","Dolphin.ID","Combined.ID","Sightings","entrydate","departdate","genotyped","Age.ID","repro.strength","ReproCat","norm_repro","avg.tot.repro.str","norm.repro.indiv"
"ALT.cyc","ALT","ALT.cyc.adult",41,1992-11-01,2024-11-30,"Y","ALT.adult",0,"cyc","0",0.498403980350575,0
"ALT.lact","ALT","ALT.lact.adult",41,1992-11-01,2024-11-30,"Y","ALT.adult",0,"lact","0",0.498403980350575,0
"ALT.preg","ALT","ALT.preg.adult",41,1992-11-01,2024-11-30,"Y","ALT.adult",1.9936159214023,"preg","4.36344353488366",0.498403980350575,4
"ALT.unknown","ALT","ALT.unknown.adult",41,1992-11-01,2024-11-30,"Y","ALT.adult",0,"unknown","",0.498403980350575,0
"AMO.juvenile","AMO","AMO.juvenile.juvenile",52,2000-11-01,2016-05-01,"Y","AMO.juvenile",1.35408552068758,"juvenile","1.96509129305662",1.11922058500789,1.20984686917461
"AMO.lact","AMO","AMO.lact.adult",52,2000-11-01,2016-05-01,"Y","AMO.adult",0.308746628258823,"lact","0.774921938663183",1.11922058500789,0.275858604098715
"AMO.unknown","AMO","AMO.unknown.adult",52,2000-11-01,2016-05-01,"Y","AMO.adult",1.69482960607727,"unknown","",1.11922058500789,1.51429452672667
"AMP.lact","AMP","AMP.lact.elder",67,1986-11-01,2024-11-30,"Y","AMP.elder",0,"lact","0",0,NA
"AMP.preg","AMP","AMP.preg.elder",67,1986-11-01,2024-11-30,"Y","AMP.elder",0,"preg","0",0,NA
"AMP.unknown","AMP","AMP.unknown.adult",67,1986-11-01,2024-11-30,"Y","AMP.adult",0,"unknown","",0,NA
"AMP.unknown","AMP","AMP.unknown.elder",67,1986-11-01,2024-11-30,"Y","AMP.elder",0,"unknown","",0,NA
"ANE.cyc","ANE","ANE.cyc.adult",55,2013-11-01,2024-11-30,"Y","ANE.adult",1.21457860137684,"cyc","4.09368887406594",1.43056008526726,0.849023130090991
"ANE.juvenile","ANE","ANE.juvenile.juvenile",55,2013-11-01,2024-11-30,"Y","ANE.juvenile",2.23961354742941,"juvenile","3.25019728416447",1.43056008526726,1.56555014395708
"ANE.preg","ANE","ANE.preg.adult",55,2013-11-01,2024-11-30,"Y","ANE.adult",0.847147369538674,"preg","1.85415840284178",1.43056008526726,0.592178810427533
"ANE.unknown","ANE","ANE.unknown.adult",55,2013-11-01,2024-11-30,"Y","ANE.adult",1.4209008227241,"unknown","",1.43056008526726,0.993247915524395
"ASN.cyc","ASN","ASN.cyc.adult",93,2008-01-01,2021-05-01,"Y","ASN.adult",0.400253178540482,"cyc","1.34903742083327",0.46683073051469,0.857383956063036
"ASN.juvenile","ASN","ASN.juvenile.juvenile",93,2008-01-01,2021-05-01,"Y","ASN.juvenile",0.910921801357268,"juvenile","1.32195823170288",0.46683073051469,1.95128928284768
"ASN.preg","ASN","ASN.preg.adult",93,2008-01-01,2021-05-01,"Y","ASN.adult",0.289899408117493,"preg","0.634505214638891",0.46683073051469,0.620994697152592
"ASN.unknown","ASN","ASN.unknown.adult",93,2008-01-01,2021-05-01,"Y","ASN.adult",0.266248534043517,"unknown","",0.46683073051469,0.570332063936692
"ATC.unknown","ATC","ATC.unknown.adult",14,1995-11-01,2024-11-30,"Y","ATC.adult",1.15715970997538,"unknown","",1.15715970997538,1
"ATH.cyc","ATH","ATH.cyc.adult",112,1989-11-01,2024-11-30,"Y","ATH.adult",0.726533597121832,"cyc","2.44875259600425",0.448426118916408,1.620185726196
"ATH.juvenile","ATH","ATH.juvenile.juvenile",112,1989-11-01,2024-11-30,"Y","ATH.juvenile",0.121266025641026,"juvenile","0.175985052265944",0.448426118916408,0.270425875134252
"ATH.lact","ATH","ATH.lact.adult",112,1989-11-01,2024-11-30,"Y","ATH.adult",0.57490145921388,"lact","1.44294289407055",0.448426118916408,1.28204276013871
"ATH.preg","ATH","ATH.preg.adult",112,1989-11-01,2024-11-30,"Y","ATH.adult",1.26785563152171,"preg","2.77496602988499",0.448426118916408,2.82734563853105
"ATH.unknown","ATH","ATH.unknown.adult",112,1989-11-01,2024-11-30,"Y","ATH.adult",0,"unknown","",0.448426118916408,0
"ATH.unknown","ATH","ATH.unknown.elder",112,1989-11-01,2024-11-30,"Y","ATH.elder",0,"unknown","",0.448426118916408,0
"ATW.unknown","ATW","ATW.unknown.adult",26,1988-11-01,2024-11-30,"Y","ATW.adult",0,"unknown","",0,NA
"ATW.unknown","ATW","ATW.unknown.elder",26,1988-11-01,2024-11-30,"Y","ATW.elder",0,"unknown","",0,NA
"BAD.cyc","BAD","BAD.cyc.adult",171,1986-11-01,2024-11-30,"Y","BAD.adult",0,"cyc","0",0.49543537553149,0
"BAD.lact","BAD","BAD.lact.adult",171,1986-11-01,2024-11-30,"Y","BAD.adult",1.50701738159691,"lact","3.7824569535613",0.49543537553149,3.04180415050141
"BAD.preg","BAD","BAD.preg.adult",171,1986-11-01,2024-11-30,"Y","BAD.adult",0.970159496060541,"preg","2.12339605409738",0.49543537553149,1.95819584949859
"BAD.unknown","BAD","BAD.unknown.adult",171,1986-11-01,2024-11-30,"Y","BAD.adult",0,"unknown","",0.49543537553149,0
"BAD.unknown","BAD","BAD.unknown.elder",171,1986-11-01,2024-11-30,"Y","BAD.elder",0,"unknown","",0.49543537553149,0
"BLB.lact","BLB","BLB.lact.adult",83,1976-11-01,2016-05-01,"Y","BLB.adult",0,"lact","0",0,NA
"BLB.unknown","BLB","BLB.unknown.adult",83,1976-11-01,2016-05-01,"Y","BLB.adult",0,"unknown","",0,NA
"BLB.unknown","BLB","BLB.unknown.elder",83,1976-11-01,2016-05-01,"Y","BLB.elder",0,"unknown","",0,NA
"BLI.cyc","BLI","BLI.cyc.adult",431,1974-11-01,2020-05-01,"Y","BLI.adult",0,"cyc","0",0,NA
"BLI.cyc","BLI","BLI.cyc.elder",431,1974-11-01,2020-05-01,"Y","BLI.elder",0,"cyc","0",0,NA
"BLI.lact","BLI","BLI.lact.adult",431,1974-11-01,2020-05-01,"Y","BLI.adult",0,"lact","0",0,NA
"BLI.preg","BLI","BLI.preg.elder",431,1974-11-01,2020-05-01,"Y","BLI.elder",0,"preg","0",0,NA
"BLI.preg","BLI","BLI.preg.adult",431,1974-11-01,2020-05-01,"Y","BLI.adult",0,"preg","0",0,NA
"BLI.unknown","BLI","BLI.unknown.adult",431,1974-11-01,2020-05-01,"Y","BLI.adult",0,"unknown","",0,NA
"BLI.unknown","BLI","BLI.unknown.elder",431,1974-11-01,2020-05-01,"Y","BLI.elder",0,"unknown","",0,NA
"BLK.cyc","BLK","BLK.cyc.adult",95,2000-11-01,2024-11-30,"Y","BLK.adult",0,"cyc","0",0.671426840162822,0
"BLK.juvenile","BLK","BLK.juvenile.juvenile",95,2000-11-01,2024-11-30,"Y","BLK.juvenile",0.230781960592224,"juvenile","0.334918005122775",0.671426840162822,0.343718699920098
"BLK.lact","BLK","BLK.lact.adult",95,2000-11-01,2024-11-30,"Y","BLK.adult",0.592430259005454,"lact","1.48693835919848",0.671426840162822,0.882345214054578
"BLK.preg","BLK","BLK.preg.adult",95,2000-11-01,2024-11-30,"Y","BLK.adult",0.973147710016435,"preg","2.12993638251607",0.671426840162822,1.44937266699145
"BLK.unknown","BLK","BLK.unknown.adult",95,2000-11-01,2024-11-30,"Y","BLK.adult",1.5607742712,"unknown","",0.671426840162822,2.32456341903387
"BLM.juvenile","BLM","BLM.juvenile.juvenile",115,2015-11-20,2024-11-30,"Y","BLM.juvenile",2.66691541982876,"juvenile","3.87031113674622",2.89277381718339,0.921923243354522
"BLM.unknown","BLM","BLM.unknown.adult",115,2015-11-20,2024-11-30,"Y","BLM.adult",3.11863221453803,"unknown","",2.89277381718339,1.07807675664548
"BNG.cyc","BNG","BNG.cyc.adult",70,2004-11-01,2019-05-01,"Y","BNG.adult",0.187509186583179,"cyc","0.631992256434092",0.422571799877116,0.443733317362178
"BNG.juvenile","BNG","BNG.juvenile.juvenile",70,2004-11-01,2019-05-01,"Y","BNG.juvenile",0.505502139603566,"juvenile","0.733600528164613",0.422571799877116,1.19625147667347
"BNG.lact","BNG","BNG.lact.adult",70,2004-11-01,2019-05-01,"Y","BNG.adult",0.256676779066655,"lact","0.644232030535445",0.422571799877116,0.607415779144035
"BNG.preg","BNG","BNG.preg.adult",70,2004-11-01,2019-05-01,"Y","BNG.adult",0.629144292714272,"preg","1.37701327877742",0.422571799877116,1.48884590239393
"BNG.unknown","BNG","BNG.unknown.adult",70,2004-11-01,2019-05-01,"Y","BNG.adult",0.534026601417906,"unknown","",0.422571799877116,1.26375352442638
"BOJ.lact","BOJ","BOJ.lact.adult",13,2000-11-01,2024-11-30,"Y","BOJ.adult",0,"lact","0",0,NA
"BOJ.unknown","BOJ","BOJ.unknown.adult",13,2000-11-01,2024-11-30,"Y","BOJ.adult",0,"unknown","",0,NA
"BOM.cyc","BOM","BOM.cyc.adult",102,1985-11-01,2021-05-01,"Y","BOM.adult",0.272146955438912,"cyc","0.917260490451806",0.0453578259064853,6
"BOM.lact","BOM","BOM.lact.adult",102,1985-11-01,2021-05-01,"Y","BOM.adult",0,"lact","0",0.0453578259064853,0
"BOM.lact","BOM","BOM.lact.elder",102,1985-11-01,2021-05-01,"Y","BOM.elder",0,"lact","0",0.0453578259064853,0
"BOM.preg","BOM","BOM.preg.adult",102,1985-11-01,2021-05-01,"Y","BOM.adult",0,"preg","0",0.0453578259064853,0
"BOM.unknown","BOM","BOM.unknown.adult",102,1985-11-01,2021-05-01,"Y","BOM.adult",0,"unknown","",0.0453578259064853,0
"BOM.unknown","BOM","BOM.unknown.elder",102,1985-11-01,2021-05-01,"Y","BOM.elder",0,"unknown","",0.0453578259064853,0
"BOR.juvenile","BOR","BOR.juvenile.juvenile",30,2016-10-14,2024-11-30,"Y","BOR.juvenile",0.532233459918882,"juvenile","0.772393856947023",0.833832829952865,0.638297558935126
"BOR.unknown","BOR","BOR.unknown.adult",30,2016-10-14,2024-11-30,"Y","BOR.adult",1.13543219998685,"unknown","",0.833832829952865,1.36170244106487
"BRE.cyc","BRE","BRE.cyc.adult",66,1981-11-01,2024-11-30,"Y","BRE.adult",0.00338983050847458,"cyc","0.0114252889206024",0.000564971751412429,6
"BRE.lact","BRE","BRE.lact.adult",66,1981-11-01,2024-11-30,"Y","BRE.adult",0,"lact","0",0.000564971751412429,0
"BRE.lact","BRE","BRE.lact.elder",66,1981-11-01,2024-11-30,"Y","BRE.elder",0,"lact","0",0.000564971751412429,0
"BRE.preg","BRE","BRE.preg.adult",66,1981-11-01,2024-11-30,"Y","BRE.adult",0,"preg","0",0.000564971751412429,0
"BRE.unknown","BRE","BRE.unknown.elder",66,1981-11-01,2024-11-30,"Y","BRE.elder",0,"unknown","",0.000564971751412429,0
"BRE.unknown","BRE","BRE.unknown.adult",66,1981-11-01,2024-11-30,"Y","BRE.adult",0,"unknown","",0.000564971751412429,0
"BRP.juvenile","BRP","BRP.juvenile.juvenile",11,2014-11-15,2024-11-30,"Y","BRP.juvenile",2.58050094982198,"juvenile","3.74490375293623",2.58050094982198,1
"BSC.juvenile","BSC","BSC.juvenile.juvenile",35,1996-11-01,2024-11-30,"Y","BSC.juvenile",0.262443988759778,"juvenile","0.380866931480823",0.131221994379889,2
"BSC.unknown","BSC","BSC.unknown.adult",35,1996-11-01,2024-11-30,"Y","BSC.adult",0,"unknown","",0.131221994379889,0
"BSS.cyc","BSS","BSS.cyc.adult",299,2002-12-12,2019-07-26,"Y","BSS.adult",1.13659832341802,"cyc","3.83085944835835",1.47657329587708,0.769754083045963
"BSS.juvenile","BSS","BSS.juvenile.juvenile",299,2002-12-12,2019-07-26,"Y","BSS.juvenile",1.16473586450738,"juvenile","1.69030114500597",1.47657329587708,0.788810056202135
"BSS.lact","BSS","BSS.lact.adult",299,2002-12-12,2019-07-26,"Y","BSS.adult",1.30020329823748,"lact","3.26337510536897",1.47657329587708,0.880554525717032
"BSS.preg","BSS","BSS.preg.adult",299,2002-12-12,2019-07-26,"Y","BSS.adult",2.31223880701345,"preg","5.06081606053444",1.47657329587708,1.56594922410538
"BSS.unknown","BSS","BSS.unknown.adult",299,2002-12-12,2019-07-26,"Y","BSS.adult",1.4690901862091,"unknown","",1.47657329587708,0.994932110929489
"BUT.juvenile","BUT","BUT.juvenile.juvenile",23,2006-11-01,2024-11-30,"Y","BUT.juvenile",0.349901624027911,"juvenile","0.507788189371138",0.7637000884282,0.458166274077638
"BUT.lact","BUT","BUT.lact.adult",23,2006-11-01,2024-11-30,"Y","BUT.adult",1.74641019956422,"lact","4.38330803863212",0.7637000884282,2.28677490814303
"BUT.unknown","BUT","BUT.unknown.adult",23,2006-11-01,2024-11-30,"Y","BUT.adult",0.194788441692466,"unknown","",0.7637000884282,0.25505881777933
"BWS.unknown","BWS","BWS.unknown.adult",11,1995-11-01,2024-11-30,"Y","BWS.adult",0,"unknown","",0,NA
"BYT.cyc","BYT","BYT.cyc.elder",344,1976-11-01,2024-11-30,"Y","BYT.elder",0,"cyc","0",0,NA
"BYT.cyc","BYT","BYT.cyc.adult",344,1976-11-01,2024-11-30,"Y","BYT.adult",0,"cyc","0",0,NA
"BYT.lact","BYT","BYT.lact.adult",344,1976-11-01,2024-11-30,"Y","BYT.adult",0,"lact","0",0,NA
"BYT.lact","BYT","BYT.lact.elder",344,1976-11-01,2024-11-30,"Y","BYT.elder",0,"lact","0",0,NA
"BYT.preg","BYT","BYT.preg.elder",344,1976-11-01,2024-11-30,"Y","BYT.elder",0,"preg","0",0,NA
"BYT.preg","BYT","BYT.preg.adult",344,1976-11-01,2024-11-30,"Y","BYT.adult",0,"preg","0",0,NA
"BYT.unknown","BYT","BYT.unknown.adult",344,1976-11-01,2024-11-30,"Y","BYT.adult",0,"unknown","",0,NA
"BYT.unknown","BYT","BYT.unknown.elder",344,1976-11-01,2024-11-30,"Y","BYT.elder",0,"unknown","",0,NA
"BZD.juvenile","BZD","BZD.juvenile.juvenile",16,2017-11-01,2024-11-30,"Y","BZD.juvenile",0.721002886002886,"juvenile","1.04634195691977",0.721002886002886,1
"CAD.juvenile","CAD","CAD.juvenile.juvenile",14,2000-11-01,2024-11-30,"Y","CAD.juvenile",0.229206980788878,"juvenile","0.332632345132315",0.423005449726093,0.541853493701547
"CAD.unknown","CAD","CAD.unknown.adult",14,2000-11-01,2024-11-30,"Y","CAD.adult",0.616803918663308,"unknown","",0.423005449726093,1.45814650629845
"CCU.juvenile","CCU","CCU.juvenile.juvenile",16,2015-11-15,2019-05-01,"Y","CCU.juvenile",0.795494875939754,"juvenile","1.15444706445616",0.795494875939754,1
"CDB.juvenile","CDB","CDB.juvenile.juvenile",40,2012-01-15,2024-11-30,"Y","CDB.juvenile",0.742275665624931,"juvenile","1.07721368058547",0.507679669826992,1.46209452483667
"CDB.lact","CDB","CDB.lact.adult",40,2012-01-15,2024-11-30,"Y","CDB.adult",0.273083674029052,"lact","0.685411631178874",0.507679669826992,0.537905475163333
"CER.unknown","CER","CER.unknown.adult",10,1999-11-01,2024-11-30,"Y","CER.adult",0.514797747055811,"unknown","",0.514797747055811,1
"CHC.juvenile","CHC","CHC.juvenile.juvenile",24,1996-11-01,2015-07-28,"Y","CHC.juvenile",0,"juvenile","0",0.0454545454545455,0
"CHC.unknown","CHC","CHC.unknown.adult",24,1996-11-01,2015-07-28,"Y","CHC.adult",0.0909090909090909,"unknown","",0.0454545454545455,2
"CHL.juvenile","CHL","CHL.juvenile.juvenile",35,2004-05-01,2017-05-01,"Y","CHL.juvenile",0.382638226806669,"juvenile","0.555296572041182",0.474679641763863,0.806097825019044
"CHL.lact","CHL","CHL.lact.adult",35,2004-05-01,2017-05-01,"Y","CHL.adult",0.566721056721057,"lact","1.42241093427383",0.474679641763863,1.19390217498096
"CHT.juvenile","CHT","CHT.juvenile.juvenile",33,1997-11-01,2024-11-30,"Y","CHT.juvenile",0.027027027027027,"juvenile","0.0392224676186246",0.379190364281545,0.0712756166107632
"CHT.unknown","CHT","CHT.unknown.adult",33,1997-11-01,2024-11-30,"Y","CHT.adult",0.731353701536063,"unknown","",0.379190364281545,1.92872438338924
"CLA.cyc","CLA","CLA.cyc.adult",49,1997-11-01,2024-11-30,"Y","CLA.adult",0,"cyc","0",0.126480475169991,0
"CLA.juvenile","CLA","CLA.juvenile.juvenile",49,1997-11-01,2024-11-30,"Y","CLA.juvenile",0.140559440559441,"juvenile","0.203984259915882",0.126480475169991,1.11131334991055
"CLA.preg","CLA","CLA.preg.adult",49,1997-11-01,2024-11-30,"Y","CLA.adult",0.05,"preg","0.109435410503103",0.126480475169991,0.395317932928378
"CLA.unknown","CLA","CLA.unknown.adult",49,1997-11-01,2024-11-30,"Y","CLA.adult",0.315362460120525,"unknown","",0.126480475169991,2.49336871716108
"CLO.juvenile","CLO","CLO.juvenile.juvenile",118,1996-11-01,2024-11-30,"Y","CLO.juvenile",0.931890928770124,"juvenile","1.35238928577772",0.88729916854456,1.0502556091636
"CLO.lact","CLO","CLO.lact.adult",118,1996-11-01,2024-11-30,"Y","CLO.adult",2.59797826113687,"lact","6.52065534149669",0.88729916854456,2.92796201465888
"CLO.preg","CLO","CLO.preg.adult",118,1996-11-01,2024-11-30,"Y","CLO.adult",0.9066266528158,"preg","1.98434119847903",0.88729916854456,1.02178237617752
"CLO.unknown","CLO","CLO.unknown.adult",118,1996-11-01,2024-11-30,"Y","CLO.adult",0,"unknown","",0.88729916854456,0
"CLO.unknown","CLO","CLO.unknown.elder",118,1996-11-01,2024-11-30,"Y","CLO.elder",0,"unknown","",0.88729916854456,0
"CLV.cyc","CLV","CLV.cyc.adult",50,2000-11-01,2024-11-30,"Y","CLV.adult",1.86597088478261,"cyc","6.28918066044167",1.48146377818197,1.25954539845213
"CLV.juvenile","CLV","CLV.juvenile.juvenile",50,2000-11-01,2024-11-30,"Y","CLV.juvenile",1.20832803119187,"juvenile","1.75356346181568",1.48146377818197,0.815631167624435
"CLV.unknown","CLV","CLV.unknown.adult",50,2000-11-01,2024-11-30,"Y","CLV.adult",1.37009241857145,"unknown","",1.48146377818197,0.924823433923439
"COI.cyc","COI","COI.cyc.adult",73,2003-11-01,2024-11-30,"Y","COI.adult",0.225025649650997,"cyc","0.758440003233625",0.479763006272861,0.469035016682831
"COI.juvenile","COI","COI.juvenile.juvenile",73,2003-11-01,2024-11-30,"Y","COI.juvenile",0.451804639440703,"juvenile","0.65567303509507",0.479763006272861,0.941724629730502
"COI.lact","COI","COI.lact.adult",73,2003-11-01,2024-11-30,"Y","COI.adult",0.459051435355348,"lact","1.15217137831696",0.479763006272861,0.956829579090695
"COI.preg","COI","COI.preg.adult",73,2003-11-01,2024-11-30,"Y","COI.adult",0.429689476956414,"preg","0.940464885991778",0.479763006272861,0.895628615250155
"COI.unknown","COI","COI.unknown.adult",73,2003-11-01,2024-11-30,"Y","COI.adult",0.833243829960844,"unknown","",0.479763006272861,1.73678215924582
"COK.cyc","COK","COK.cyc.adult",31,2011-01-21,2024-11-30,"Y","COK.adult",0.476562326562327,"cyc","1.60623436954648",0.237283017431759,2.00841312505385
"COK.juvenile","COK","COK.juvenile.juvenile",31,2011-01-21,2024-11-30,"Y","COK.juvenile",0.23528672573295,"juvenile","0.341455461302655",0.237283017431759,0.991586874946147
"COK.lact","COK","COK.lact.adult",31,2011-01-21,2024-11-30,"Y","COK.adult",0,"lact","0",0.237283017431759,0
"COP.cyc","COP","COP.cyc.adult",61,2005-11-01,2024-11-30,"Y","COP.adult",1.6773821598669,"cyc","5.65354986298932",1.08371247885589,1.54781105929292
"COP.juvenile","COP","COP.juvenile.juvenile",61,2005-11-01,2024-11-30,"Y","COP.juvenile",1.37149389903687,"juvenile","1.99035487663225",1.08371247885589,1.26555145003479
"COP.lact","COP","COP.lact.adult",61,2005-11-01,2024-11-30,"Y","COP.adult",0.653607099499663,"lact","1.640485868703",1.08371247885589,0.603118550586124
"COP.preg","COP","COP.preg.adult",61,2005-11-01,2024-11-30,"Y","COP.adult",1.13522586382189,"preg","2.48467816842178",1.08371247885589,1.04753418085615
"COP.unknown","COP","COP.unknown.adult",61,2005-11-01,2024-11-30,"Y","COP.adult",0.580853372054142,"unknown","",1.08371247885589,0.535984759230018
"CRP.juvenile","CRP","CRP.juvenile.juvenile",35,2002-02-01,2024-11-30,"Y","CRP.juvenile",0.156433888691953,"juvenile","0.227021755945999",0.591325787393065,0.264547719763097
"CRP.lact","CRP","CRP.lact.adult",35,2002-02-01,2024-11-30,"Y","CRP.adult",0.0961098398169336,"lact","0.241225706060541",0.591325787393065,0.162532806561077
"CRP.preg","CRP","CRP.preg.adult",35,2002-02-01,2024-11-30,"Y","CRP.adult",0.917257722149027,"preg","2.0076095072104",0.591325787393065,1.55118843403207
"CRP.unknown","CRP","CRP.unknown.adult",35,2002-02-01,2024-11-30,"Y","CRP.adult",1.19550169891435,"unknown","",0.591325787393065,2.02173103964376
"CRS.unknown","CRS","CRS.unknown.adult",19,1995-11-01,2024-11-30,"Y","CRS.adult",0,"unknown","",0,NA
"CRV.juvenile","CRV","CRV.juvenile.juvenile",145,1998-11-01,2024-11-30,"Y","CRV.juvenile",0.617815330801986,"juvenile","0.896592946846816",1.20625722051504,0.512175446741115
"CRV.unknown","CRV","CRV.unknown.adult",145,1998-11-01,2024-11-30,"Y","CRV.adult",1.79469911022809,"unknown","",1.20625722051504,1.48782455325889
"CSK.juvenile","CSK","CSK.juvenile.juvenile",66,1999-11-01,2014-05-01,"Y","CSK.juvenile",0.53476677796189,"juvenile","0.776070287388678",0.658173251364309,0.812501536416722
"CSK.lact","CSK","CSK.lact.adult",66,1999-11-01,2014-05-01,"Y","CSK.adult",0.712883762883763,"lact","1.78926413120951",0.658173251364309,1.08312478728974
"CSK.unknown","CSK","CSK.unknown.adult",66,1999-11-01,2014-05-01,"Y","CSK.adult",0.726869213247274,"unknown","",0.658173251364309,1.10437367629354
"CUR.juvenile","CUR","CUR.juvenile.juvenile",35,1987-11-01,2024-11-30,"Y","CUR.juvenile",0.0215111301369863,"juvenile","0.0312176253938047",0.00717037671232877,3
"CUR.unknown","CUR","CUR.unknown.adult",35,1987-11-01,2024-11-30,"Y","CUR.adult",0,"unknown","",0.00717037671232877,0
"CUR.unknown","CUR","CUR.unknown.elder",35,1987-11-01,2024-11-30,"Y","CUR.elder",0,"unknown","",0.00717037671232877,0
"CVO.juvenile","CVO","CVO.juvenile.juvenile",23,2014-02-01,2024-11-30,"Y","CVO.juvenile",1.09507693888499,"juvenile","1.5892099316868",0.746933277532955,1.46609740364215
"CVO.lact","CVO","CVO.lact.adult",23,2014-02-01,2024-11-30,"Y","CVO.adult",0.398789616180921,"lact","1.00092047719661",0.746933277532955,0.533902596357847
"CYR.cyc","CYR","CYR.cyc.adult",56,1993-11-01,2024-11-30,"Y","CYR.adult",0.241664912391572,"cyc","0.814521976583506",0.142803620189232,1.69228841727777
"CYR.preg","CYR","CYR.preg.adult",56,1993-11-01,2024-11-30,"Y","CYR.adult",0.329549568365358,"preg","0.721287845903668",0.142803620189232,2.30771158272223
"CYR.unknown","CYR","CYR.unknown.adult",56,1993-11-01,2024-11-30,"Y","CYR.adult",0,"unknown","",0.142803620189232,0
"CYR.unknown","CYR","CYR.unknown.elder",56,1993-11-01,2024-11-30,"Y","CYR.elder",0,"unknown","",0.142803620189232,0
"CYS.juvenile","CYS","CYS.juvenile.juvenile",23,2009-01-15,2024-11-30,"Y","CYS.juvenile",0.961167228930387,"juvenile","1.39487596897379",1.57405079695821,0.61063291654107
"CYS.lact","CYS","CYS.lact.adult",23,2009-01-15,2024-11-30,"Y","CYS.adult",1.63050468050468,"lact","4.09239723569344",1.57405079695821,1.03586535050557
"CYS.unknown","CYS","CYS.unknown.adult",23,2009-01-15,2024-11-30,"Y","CYS.adult",2.13048048143956,"unknown","",1.57405079695821,1.35350173295336
"DCH.cyc","DCH","DCH.cyc.adult",64,2015-02-15,2024-11-30,"Y","DCH.adult",0.310383075056988,"cyc","1.04613381103438",0.906763193050889,0.342297831931924
"DCH.juvenile","DCH","DCH.juvenile.juvenile",64,2015-02-15,2024-11-30,"Y","DCH.juvenile",2.09314248210525,"juvenile","3.037633889345",0.906763193050889,2.30836727620436
"DCH.preg","DCH","DCH.preg.adult",64,2015-02-15,2024-11-30,"Y","DCH.adult",0.565561274612999,"preg","1.23784860503864",0.906763193050889,0.623714415127631
"DCH.unknown","DCH","DCH.unknown.adult",64,2015-02-15,2024-11-30,"Y","DCH.adult",0.657965940428321,"unknown","",0.906763193050889,0.725620476736085
"DCK.juvenile","DCK","DCK.juvenile.juvenile",16,2021-11-24,2024-11-30,"Y","DCK.juvenile",0.818257500394266,"juvenile","1.1874808975777",0.818257500394266,1
"DEM.cyc","DEM","DEM.cyc.adult",342,1990-11-01,2024-11-30,"Y","DEM.adult",0,"cyc","0",0.00685552665436035,0
"DEM.cyc","DEM","DEM.cyc.elder",342,1990-11-01,2024-11-30,"Y","DEM.elder",0,"cyc","0",0.00685552665436035,0
"DEM.juvenile","DEM","DEM.juvenile.juvenile",342,1990-11-01,2024-11-30,"Y","DEM.juvenile",0.0548442132348828,"juvenile","0.0795916389739428",0.00685552665436035,8
"DEM.lact","DEM","DEM.lact.adult",342,1990-11-01,2024-11-30,"Y","DEM.adult",0,"lact","0",0.00685552665436035,0
"DEM.preg","DEM","DEM.preg.adult",342,1990-11-01,2024-11-30,"Y","DEM.adult",0,"preg","0",0.00685552665436035,0
"DEM.preg","DEM","DEM.preg.elder",342,1990-11-01,2024-11-30,"Y","DEM.elder",0,"preg","0",0.00685552665436035,0
"DEM.unknown","DEM","DEM.unknown.adult",342,1990-11-01,2024-11-30,"Y","DEM.adult",0,"unknown","",0.00685552665436035,0
"DEM.unknown","DEM","DEM.unknown.elder",342,1990-11-01,2024-11-30,"Y","DEM.elder",0,"unknown","",0.00685552665436035,0
"DJY.juvenile","DJY","DJY.juvenile.juvenile",19,2012-11-01,2024-11-30,"Y","DJY.juvenile",2.82787567291178,"juvenile","4.1039016943803",2.45096091499653,1.1537824432895
"DJY.unknown","DJY","DJY.unknown.adult",19,2012-11-01,2024-11-30,"Y","DJY.adult",2.07404615708129,"unknown","",2.45096091499653,0.846217556710497
"DMK.lact","DMK","DMK.lact.adult",26,1995-11-01,2024-11-30,"Y","DMK.adult",0,"lact","0",0.318051772754157,0
"DMK.unknown","DMK","DMK.unknown.adult",26,1995-11-01,2024-11-30,"Y","DMK.adult",0.636103545508314,"unknown","",0.318051772754157,2
"DNZ.unknown","DNZ","DNZ.unknown.adult",15,1997-11-01,2024-11-30,"Y","DNZ.adult",0.26506082821452,"unknown","",0.26506082821452,1
"DOD.cyc","DOD","DOD.cyc.adult",209,2003-10-15,2024-11-30,"Y","DOD.adult",0.239392921729048,"cyc","0.806864322408954",0.40601894129213,0.589610230909904
"DOD.juvenile","DOD","DOD.juvenile.juvenile",209,2003-10-15,2024-11-30,"Y","DOD.juvenile",0.141386490063211,"juvenile","0.205184500043965",0.40601894129213,0.348226340409777
"DOD.lact","DOD","DOD.lact.adult",209,2003-10-15,2024-11-30,"Y","DOD.adult",0.713369224118785,"lact","1.79048258843935",0.40601894129213,1.75698508510103
"DOD.preg","DOD","DOD.preg.adult",209,2003-10-15,2024-11-30,"Y","DOD.adult",0.57118710427523,"preg","1.25016190460877",0.40601894129213,1.40679915685082
"DOD.unknown","DOD","DOD.unknown.adult",209,2003-10-15,2024-11-30,"Y","DOD.adult",0.364758966274378,"unknown","",0.40601894129213,0.898379186728469
"DOP.juvenile","DOP","DOP.juvenile.juvenile",22,2013-11-01,2024-11-30,"Y","DOP.juvenile",0.978411027050671,"juvenile","1.4199007085694",0.844816298509185,1.15813464865348
"DOP.unknown","DOP","DOP.unknown.adult",22,2013-11-01,2024-11-30,"Y","DOP.adult",0.7112215699677,"unknown","",0.844816298509185,0.841865351346518
"DOU.juvenile","DOU","DOU.juvenile.juvenile",22,2021-11-19,2024-11-30,"Y","DOU.juvenile",1.62087575167527,"juvenile","2.35226562730418",1.62087575167527,1
"DOY.juvenile","DOY","DOY.juvenile.juvenile",23,2019-05-10,2024-11-30,"Y","DOY.juvenile",2.79587520638254,"juvenile","4.05746161567802",2.79587520638254,1
"DUC.juvenile","DUC","DUC.juvenile.juvenile",48,1997-12-22,2024-11-30,"Y","DUC.juvenile",0.828281170742509,"juvenile","1.20202756174689",0.933209630967384,0.887561747389915
"DUC.lact","DUC","DUC.lact.adult",48,1997-12-22,2024-11-30,"Y","DUC.adult",1.04644247038463,"lact","2.62646180922876",0.933209630967384,1.12133698116667
"DUC.unknown","DUC","DUC.unknown.adult",48,1997-12-22,2024-11-30,"Y","DUC.adult",0.924905251775012,"unknown","",0.933209630967384,0.991101271443413
"EDE.cyc","EDE","EDE.cyc.adult",337,2007-11-19,2024-11-30,"Y","EDE.adult",1.60884939873476,"cyc","5.42256291703322",1.67213441534358,0.962153152265679
"EDE.juvenile","EDE","EDE.juvenile.juvenile",337,2007-11-19,2024-11-30,"Y","EDE.juvenile",1.48810480120899,"juvenile","2.15958426800596",1.67213441534358,0.889943288980883
"EDE.lact","EDE","EDE.lact.adult",337,2007-11-19,2024-11-30,"Y","EDE.adult",1.13970162338924,"lact","2.86053258775669",1.67213441534358,0.681584932964291
"EDE.preg","EDE","EDE.preg.adult",337,2007-11-19,2024-11-30,"Y","EDE.adult",2.59600829962412,"preg","5.68190467877657",1.67213441534358,1.55251173338879
"EDE.unknown","EDE","EDE.unknown.adult",337,2007-11-19,2024-11-30,"Y","EDE.adult",1.5280079537608,"unknown","",1.67213441534358,0.913806892400353
"EED.cyc","EED","EED.cyc.adult",250,1978-11-01,2018-05-01,"Y","EED.adult",0.252746920972991,"cyc","0.851873445793183",0.0361067029961415,7
"EED.lact","EED","EED.lact.adult",250,1978-11-01,2018-05-01,"Y","EED.adult",0,"lact","0",0.0361067029961415,0
"EED.lact","EED","EED.lact.elder",250,1978-11-01,2018-05-01,"Y","EED.elder",0,"lact","0",0.0361067029961415,0
"EED.preg","EED","EED.preg.adult",250,1978-11-01,2018-05-01,"Y","EED.adult",0,"preg","0",0.0361067029961415,0
"EED.preg","EED","EED.preg.elder",250,1978-11-01,2018-05-01,"Y","EED.elder",0,"preg","0",0.0361067029961415,0
"EED.unknown","EED","EED.unknown.adult",250,1978-11-01,2018-05-01,"Y","EED.adult",0,"unknown","",0.0361067029961415,0
"EED.unknown","EED","EED.unknown.elder",250,1978-11-01,2018-05-01,"Y","EED.elder",0,"unknown","",0.0361067029961415,0
"ENC.juvenile","ENC","ENC.juvenile.juvenile",32,2010-11-01,2024-11-30,"Y","ENC.juvenile",0.710229842621147,"juvenile","1.03070777914758",0.730078484722279,0.972813002277854
"ENC.unknown","ENC","ENC.unknown.adult",32,2010-11-01,2024-11-30,"Y","ENC.adult",0.749927126823412,"unknown","",0.730078484722279,1.02718699772215
"EPC.unknown","EPC","EPC.unknown.adult",13,1994-11-01,2024-11-30,"Y","EPC.adult",0,"unknown","",0,NA
"ESM.unknown","ESM","ESM.unknown.adult",10,2002-11-01,2024-11-30,"Y","ESM.adult",0.111111111111111,"unknown","",0.111111111111111,1
"ESP.cyc","ESP","ESP.cyc.elder",54,1995-11-01,2024-11-30,"Y","ESP.elder",0,"cyc","0",0.904142041244067,0
"ESP.unknown","ESP","ESP.unknown.adult",54,1995-11-01,2024-11-30,"Y","ESP.adult",1.80828408248813,"unknown","",0.904142041244067,2
"FAO.unknown","FAO","FAO.unknown.adult",19,2016-02-01,2024-11-30,"Y","FAO.adult",1.24664398414247,"unknown","",1.24664398414247,1
"FID.cyc","FID","FID.cyc.adult",53,1985-11-01,2024-11-30,"Y","FID.adult",0.0294117647058824,"cyc","0.0991311832816977",0.00735294117647059,4
"FID.lact","FID","FID.lact.adult",53,1985-11-01,2024-11-30,"Y","FID.adult",0,"lact","0",0.00735294117647059,0
"FID.unknown","FID","FID.unknown.elder",53,1985-11-01,2024-11-30,"Y","FID.elder",0,"unknown","",0.00735294117647059,0
"FID.unknown","FID","FID.unknown.adult",53,1985-11-01,2024-11-30,"Y","FID.adult",0,"unknown","",0.00735294117647059,0
"FKY.cyc","FKY","FKY.cyc.adult",12,1982-11-01,2024-11-30,"Y","FKY.adult",0,"cyc","0",0,NA
"FLF.juvenile","FLF","FLF.juvenile.juvenile",10,2013-11-01,2024-11-30,"Y","FLF.juvenile",0.915608577246508,"juvenile","1.32875982757828",0.915608577246508,1
"FNT.juvenile","FNT","FNT.juvenile.juvenile",67,1993-11-01,2024-11-30,"Y","FNT.juvenile",0.170507343795153,"juvenile","0.247445594517493",0.0426268359487882,4
"FNT.lact","FNT","FNT.lact.adult",67,1993-11-01,2024-11-30,"Y","FNT.adult",0,"lact","0",0.0426268359487882,0
"FNT.preg","FNT","FNT.preg.adult",67,1993-11-01,2024-11-30,"Y","FNT.adult",0,"preg","0",0.0426268359487882,0
"FNT.unknown","FNT","FNT.unknown.adult",67,1993-11-01,2024-11-30,"Y","FNT.adult",0,"unknown","",0.0426268359487882,0
"FRK.juvenile","FRK","FRK.juvenile.juvenile",22,2012-01-01,2024-11-30,"Y","FRK.juvenile",0.094288139704099,"juvenile","0.136833899735482",0.125786345475749,0.749589626342051
"FRK.unknown","FRK","FRK.unknown.adult",22,2012-01-01,2024-11-30,"Y","FRK.adult",0.1572845512474,"unknown","",0.125786345475749,1.25041037365795
"FRL.cyc","FRL","FRL.cyc.adult",64,1999-11-01,2024-11-30,"Y","FRL.adult",0.327873812011743,"cyc","1.10508564436137",0.76216411363434,0.430187942657512
"FRL.juvenile","FRL","FRL.juvenile.juvenile",64,1999-11-01,2024-11-30,"Y","FRL.juvenile",1.00020594668716,"juvenile","1.45153017816803",0.76216411363434,1.31232359119839
"FRL.lact","FRL","FRL.lact.adult",64,1999-11-01,2024-11-30,"Y","FRL.adult",0.726922875377546,"lact","1.8245008440188",0.76216411363434,0.953761614294921
"FRL.unknown","FRL","FRL.unknown.adult",64,1999-11-01,2024-11-30,"Y","FRL.adult",0.993653820460913,"unknown","",0.76216411363434,1.30372685184917
"FSB.juvenile","FSB","FSB.juvenile.juvenile",52,2011-11-01,2024-11-30,"Y","FSB.juvenile",0.922520279395232,"juvenile","1.33879030608585",1.17042424214401,0.788193072372916
"FSB.unknown","FSB","FSB.unknown.adult",52,2011-11-01,2024-11-30,"Y","FSB.adult",1.41832820489279,"unknown","",1.17042424214401,1.21180692762708
"FUF.juvenile","FUF","FUF.juvenile.juvenile",205,1991-11-01,2024-11-30,"Y","FUF.juvenile",0.265652678302957,"juvenile","0.385523482183929",0.0885508927676523,3
"FUF.unknown","FUF","FUF.unknown.adult",205,1991-11-01,2024-11-30,"Y","FUF.adult",0,"unknown","",0.0885508927676523,0
"FUF.unknown","FUF","FUF.unknown.elder",205,1991-11-01,2024-11-30,"Y","FUF.elder",0,"unknown","",0.0885508927676523,0
"FUT.juvenile","FUT","FUT.juvenile.juvenile",261,2011-11-13,2024-11-30,"Y","FUT.juvenile",1.78626813843364,"juvenile","2.59228823606208",1.70311400428787,1.04882476095928
"FUT.lact","FUT","FUT.lact.adult",261,2011-11-13,2024-11-30,"Y","FUT.adult",1.71396605735178,"lact","4.30187661467354",1.70311400428787,1.00637188880873
"FUT.unknown","FUT","FUT.unknown.adult",261,2011-11-13,2024-11-30,"Y","FUT.adult",1.6091078170782,"unknown","",1.70311400428787,0.944803350231988
"GAB.cyc","GAB","GAB.cyc.adult",118,1994-11-01,2024-11-30,"Y","GAB.adult",0,"cyc","0",0.0511046291398968,0
"GAB.cyc","GAB","GAB.cyc.elder",118,1994-11-01,2024-11-30,"Y","GAB.elder",0,"cyc","0",0.0511046291398968,0
"GAB.juvenile","GAB","GAB.juvenile.juvenile",118,1994-11-01,2024-11-30,"Y","GAB.juvenile",0.357732403979278,"juvenile","0.519152462354767",0.0511046291398968,7
"GAB.lact","GAB","GAB.lact.adult",118,1994-11-01,2024-11-30,"Y","GAB.adult",0,"lact","0",0.0511046291398968,0
"GAB.preg","GAB","GAB.preg.adult",118,1994-11-01,2024-11-30,"Y","GAB.adult",0,"preg","0",0.0511046291398968,0
"GAB.unknown","GAB","GAB.unknown.adult",118,1994-11-01,2024-11-30,"Y","GAB.adult",0,"unknown","",0.0511046291398968,0
"GAB.unknown","GAB","GAB.unknown.elder",118,1994-11-01,2024-11-30,"Y","GAB.elder",0,"unknown","",0.0511046291398968,0
"GEK.juvenile","GEK","GEK.juvenile.juvenile",43,2013-11-08,2024-11-30,"Y","GEK.juvenile",1.05242871640221,"juvenile","1.52731749624986",1.05242871640221,1
"GMP.cyc","GMP","GMP.cyc.adult",115,2001-11-01,2024-11-30,"Y","GMP.adult",0.536882262008242,"cyc","1.80954031313827",0.718052892460211,0.747691803271988
"GMP.juvenile","GMP","GMP.juvenile.juvenile",115,2001-11-01,2024-11-30,"Y","GMP.juvenile",0.660883763716861,"juvenile","0.959095204816194",0.718052892460211,0.920383123104656
"GMP.lact","GMP","GMP.lact.adult",115,2001-11-01,2024-11-30,"Y","GMP.adult",0.660918644901287,"lact","1.65883708752992",0.718052892460211,0.920431700562936
"GMP.preg","GMP","GMP.preg.adult",115,2001-11-01,2024-11-30,"Y","GMP.adult",0.890923909849263,"preg","1.94997247602768",0.718052892460211,1.24074969853092
"GMP.unknown","GMP","GMP.unknown.adult",115,2001-11-01,2024-11-30,"Y","GMP.adult",0.840655881825402,"unknown","",0.718052892460211,1.1707436745295
"GOD.cyc","GOD","GOD.cyc.adult",44,1986-11-01,2019-12-15,"Y","GOD.adult",0.0833333333333333,"cyc","0.28087168596481",0.0872695174165762,0.954896231814211
"GOD.preg","GOD","GOD.preg.adult",44,1986-11-01,2019-12-15,"Y","GOD.adult",0.265744736332972,"preg","0.581637686192754",0.0872695174165762,3.04510376818579
"GOD.unknown","GOD","GOD.unknown.adult",44,1986-11-01,2019-12-15,"Y","GOD.adult",0,"unknown","",0.0872695174165762,0
"GOD.unknown","GOD","GOD.unknown.elder",44,1986-11-01,2019-12-15,"Y","GOD.elder",0,"unknown","",0.0872695174165762,0
"GRF.unknown","GRF","GRF.unknown.adult",12,1996-11-01,2024-11-30,"Y","GRF.adult",0,"unknown","",0,NA
"GRG.juvenile","GRG","GRG.juvenile.juvenile",30,2000-10-18,2016-05-01,"Y","GRG.juvenile",0.0599161104931405,"juvenile","0.086952135035092",0.193433215084566,0.309750889819756
"GRG.unknown","GRG","GRG.unknown.adult",30,2000-10-18,2016-05-01,"Y","GRG.adult",0.326950319675992,"unknown","",0.193433215084566,1.69024911018024
"GRV.cyc","GRV","GRV.cyc.elder",37,1984-11-01,2024-11-30,"Y","GRV.elder",0,"cyc","0",0,NA
"GRV.lact","GRV","GRV.lact.adult",37,1984-11-01,2024-11-30,"Y","GRV.adult",0,"lact","0",0,NA
"GRV.unknown","GRV","GRV.unknown.adult",37,1984-11-01,2024-11-30,"Y","GRV.adult",0,"unknown","",0,NA
"GRV.unknown","GRV","GRV.unknown.elder",37,1984-11-01,2024-11-30,"Y","GRV.elder",0,"unknown","",0,NA
"GUA.juvenile","GUA","GUA.juvenile.juvenile",83,2010-11-01,2024-11-30,"Y","GUA.juvenile",0.456054519684571,"juvenile","0.661840594334251",0.533375115390141,0.855035239788017
"GUA.unknown","GUA","GUA.unknown.adult",83,2010-11-01,2024-11-30,"Y","GUA.adult",0.610695711095711,"unknown","",0.533375115390141,1.14496476021198
"GUM.cyc","GUM","GUM.cyc.adult",176,1976-11-01,2017-05-01,"Y","GUM.adult",0,"cyc","0",0,NA
"GUM.cyc","GUM","GUM.cyc.elder",176,1976-11-01,2017-05-01,"Y","GUM.elder",0,"cyc","0",0,NA
"GUM.lact","GUM","GUM.lact.elder",176,1976-11-01,2017-05-01,"Y","GUM.elder",0,"lact","0",0,NA
"GUM.lact","GUM","GUM.lact.adult",176,1976-11-01,2017-05-01,"Y","GUM.adult",0,"lact","0",0,NA
"GUM.preg","GUM","GUM.preg.adult",176,1976-11-01,2017-05-01,"Y","GUM.adult",0,"preg","0",0,NA
"GUM.unknown","GUM","GUM.unknown.elder",176,1976-11-01,2017-05-01,"Y","GUM.elder",0,"unknown","",0,NA
"HAB.unknown","HAB","HAB.unknown.adult",21,2015-12-01,2024-11-30,"Y","HAB.adult",0.35536222643608,"unknown","",0.35536222643608,1
"HAT.juvenile","HAT","HAT.juvenile.juvenile",47,2002-11-01,2024-11-30,"Y","HAT.juvenile",0.544592653061135,"juvenile","0.790329904901154",0.832626067831975,0.654066301910492
"HAT.unknown","HAT","HAT.unknown.adult",47,2002-11-01,2024-11-30,"Y","HAT.adult",1.12065948260282,"unknown","",0.832626067831975,1.34593369808951
"HBB.lact","HBB","HBB.lact.elder",144,1985-11-01,2017-05-01,"Y","HBB.elder",0,"lact","0",0.178800918791822,0
"HBB.preg","HBB","HBB.preg.adult",144,1985-11-01,2017-05-01,"Y","HBB.adult",0.715203675167289,"preg","1.56537215570521",0.178800918791822,4
"HBB.unknown","HBB","HBB.unknown.adult",144,1985-11-01,2017-05-01,"Y","HBB.adult",0,"unknown","",0.178800918791822,0
"HBB.unknown","HBB","HBB.unknown.elder",144,1985-11-01,2017-05-01,"Y","HBB.elder",0,"unknown","",0.178800918791822,0
"HFF.cyc","HFF","HFF.cyc.adult",233,2009-12-10,2024-11-30,"Y","HFF.adult",1.0578540384888,"cyc","3.56545496754039",1.67011915576245,0.633400338436251
"HFF.juvenile","HFF","HFF.juvenile.juvenile",233,2009-12-10,2024-11-30,"Y","HFF.juvenile",2.25329680568288,"juvenile","3.27005485685374",1.67011915576245,1.34918325911555
"HFF.lact","HFF","HFF.lact.adult",233,2009-12-10,2024-11-30,"Y","HFF.adult",1.92142984879075,"lact","4.82258916259981",1.67011915576245,1.15047470844293
"HFF.preg","HFF","HFF.preg.adult",233,2009-12-10,2024-11-30,"Y","HFF.adult",1.4532861208566,"preg","3.18081926428809",1.67011915576245,0.870169122869046
"HFF.unknown","HFF","HFF.unknown.adult",233,2009-12-10,2024-11-30,"Y","HFF.adult",1.6647289649932,"unknown","",1.67011915576245,0.99677257113623
"HNK.cyc","HNK","HNK.cyc.adult",44,1992-11-01,2024-11-30,"Y","HNK.adult",0.245459471775261,"cyc","0.827311388082592",0.0788936035759992,3.1112721519788
"HNK.juvenile","HNK","HNK.juvenile.juvenile",44,1992-11-01,2024-11-30,"Y","HNK.juvenile",0.0701149425287356,"juvenile","0.101752999327857",0.0788936035759992,0.888727848021202
"HNK.unknown","HNK","HNK.unknown.adult",44,1992-11-01,2024-11-30,"Y","HNK.adult",0,"unknown","",0.0788936035759992,0
"HNK.unknown","HNK","HNK.unknown.elder",44,1992-11-01,2024-11-30,"Y","HNK.elder",0,"unknown","",0.0788936035759992,0
"HOW.juvenile","HOW","HOW.juvenile.juvenile",42,2005-11-01,2021-05-01,"Y","HOW.juvenile",0.616710699907438,"juvenile","0.894989871915614",1.02964825265166,0.598952796082758
"HOW.unknown","HOW","HOW.unknown.adult",42,2005-11-01,2021-05-01,"Y","HOW.adult",1.44258580539588,"unknown","",1.02964825265166,1.40104720391724
"HRS.cyc","HRS","HRS.cyc.adult",70,2001-10-15,2024-11-30,"Y","HRS.adult",0.253811791045834,"cyc","0.855462548025497",0.573178200066439,0.4428148017779
"HRS.juvenile","HRS","HRS.juvenile.juvenile",70,2001-10-15,2024-11-30,"Y","HRS.juvenile",0.569143849943171,"juvenile","0.825959370315208",0.573178200066439,0.992961438305225
"HRS.lact","HRS","HRS.lact.adult",70,2001-10-15,2024-11-30,"Y","HRS.adult",0.763052199424173,"lact","1.91518169125815",0.573178200066439,1.33126521444068
"HRS.preg","HRS","HRS.preg.adult",70,2001-10-15,2024-11-30,"Y","HRS.adult",0.545397146712936,"preg","1.19371521275503",0.573178200066439,0.951531559730844
"HRS.unknown","HRS","HRS.unknown.adult",70,2001-10-15,2024-11-30,"Y","HRS.adult",0.734486013206079,"unknown","",0.573178200066439,1.28142698574535
"HUB.juvenile","HUB","HUB.juvenile.juvenile",34,2011-12-01,2024-11-30,"Y","HUB.juvenile",0.507348120991194,"juvenile","0.736279474137043",0.361272362974483,1.40433692966165
"HUB.unknown","HUB","HUB.unknown.adult",34,2011-12-01,2024-11-30,"Y","HUB.adult",0.215196604957773,"unknown","",0.361272362974483,0.595663070338353
"IBL.juvenile","IBL","IBL.juvenile.juvenile",30,2003-11-01,2024-11-30,"Y","IBL.juvenile",0.138888888888889,"juvenile","0.201559903040154",0.404795267655175,0.343108973811427
"IBL.unknown","IBL","IBL.unknown.adult",30,2003-11-01,2024-11-30,"Y","IBL.adult",0.670701646421461,"unknown","",0.404795267655175,1.65689102618857
"IBX.cyc","IBX","IBX.cyc.adult",78,1980-11-01,2024-11-30,"Y","IBX.adult",0,"cyc","0",0,NA
"IBX.lact","IBX","IBX.lact.elder",78,1980-11-01,2024-11-30,"Y","IBX.elder",0,"lact","0",0,NA
"IBX.lact","IBX","IBX.lact.adult",78,1980-11-01,2024-11-30,"Y","IBX.adult",0,"lact","0",0,NA
"IBX.preg","IBX","IBX.preg.adult",78,1980-11-01,2024-11-30,"Y","IBX.adult",0,"preg","0",0,NA
"IBX.unknown","IBX","IBX.unknown.adult",78,1980-11-01,2024-11-30,"Y","IBX.adult",0,"unknown","",0,NA
"IBX.unknown","IBX","IBX.unknown.elder",78,1980-11-01,2024-11-30,"Y","IBX.elder",0,"unknown","",0,NA
"IND.cyc","IND","IND.cyc.adult",88,1999-11-01,2024-11-30,"Y","IND.adult",0.664343009931245,"cyc","2.23914169509991",0.357239666206238,1.8596563393599
"IND.juvenile","IND","IND.juvenile.juvenile",88,1999-11-01,2024-11-30,"Y","IND.juvenile",0.0856006344814208,"juvenile","0.124226320221006",0.357239666206238,0.239616824722937
"IND.lact","IND","IND.lact.adult",88,1999-11-01,2024-11-30,"Y","IND.adult",0.293722018722019,"lact","0.737211730731267",0.357239666206238,0.82219878279824
"IND.unknown","IND","IND.unknown.adult",88,1999-11-01,2024-11-30,"Y","IND.adult",0.385293001690268,"unknown","",0.357239666206238,1.07852805311892
"ITG.juvenile","ITG","ITG.juvenile.juvenile",25,2015-10-21,2024-11-30,"Y","ITG.juvenile",1.09738606009035,"juvenile","1.59256100065988",0.968106949459094,1.13353804629074
"ITG.unknown","ITG","ITG.unknown.adult",25,2015-10-21,2024-11-30,"Y","ITG.adult",0.838827838827839,"unknown","",0.968106949459094,0.86646195370926
"JAC.juvenile","JAC","JAC.juvenile.juvenile",16,2016-03-01,2024-11-30,"Y","JAC.juvenile",0.323907152114999,"juvenile","0.470064198055044",0.759910256227657,0.426243953757037
"JAC.unknown","JAC","JAC.unknown.adult",16,2016-03-01,2024-11-30,"Y","JAC.adult",1.19591336034031,"unknown","",0.759910256227657,1.57375604624296
"JAH.juvenile","JAH","JAH.juvenile.juvenile",43,2012-11-01,2024-11-30,"Y","JAH.juvenile",1.0968669514905,"juvenile","1.5918076540107",0.747848931384518,1.46669588664095
"JAH.lact","JAH","JAH.lact.adult",43,2012-11-01,2024-11-30,"Y","JAH.adult",0.398830911278536,"lact","1.00102412359846",0.747848931384518,0.533304113359053
"JAS.cyc","JAS","JAS.cyc.elder",216,1983-11-01,2020-05-01,"Y","JAS.elder",0,"cyc","0",0.00419287211740042,0
"JAS.cyc","JAS","JAS.cyc.adult",216,1983-11-01,2020-05-01,"Y","JAS.adult",0,"cyc","0",0.00419287211740042,0
"JAS.juvenile","JAS","JAS.juvenile.juvenile",216,1983-11-01,2020-05-01,"Y","JAS.juvenile",0.0377358490566038,"juvenile","0.054763445354306",0.00419287211740042,9
"JAS.lact","JAS","JAS.lact.elder",216,1983-11-01,2020-05-01,"Y","JAS.elder",0,"lact","0",0.00419287211740042,0
"JAS.lact","JAS","JAS.lact.adult",216,1983-11-01,2020-05-01,"Y","JAS.adult",0,"lact","0",0.00419287211740042,0
"JAS.preg","JAS","JAS.preg.elder",216,1983-11-01,2020-05-01,"Y","JAS.elder",0,"preg","0",0.00419287211740042,0
"JAS.preg","JAS","JAS.preg.adult",216,1983-11-01,2020-05-01,"Y","JAS.adult",0,"preg","0",0.00419287211740042,0
"JAS.unknown","JAS","JAS.unknown.adult",216,1983-11-01,2020-05-01,"Y","JAS.adult",0,"unknown","",0.00419287211740042,0
"JAS.unknown","JAS","JAS.unknown.elder",216,1983-11-01,2020-05-01,"Y","JAS.elder",0,"unknown","",0.00419287211740042,0
"JMY.cyc","JMY","JMY.cyc.adult",74,2000-11-01,2024-11-30,"Y","JMY.adult",0.515263854079644,"cyc","1.7366763289449",0.611723877789079,0.842314437588957
"JMY.juvenile","JMY","JMY.juvenile.juvenile",74,2000-11-01,2024-11-30,"Y","JMY.juvenile",0.704849967509343,"juvenile","1.02290033598508",0.611723877789079,1.15223549889346
"JMY.lact","JMY","JMY.lact.adult",74,2000-11-01,2024-11-30,"Y","JMY.adult",0.178409090909091,"lact","0.447788270213952",0.611723877789079,0.291649708940422
"JMY.unknown","JMY","JMY.unknown.adult",74,2000-11-01,2024-11-30,"Y","JMY.adult",1.04837259865824,"unknown","",0.611723877789079,1.71380035457716
"JND.juvenile","JND","JND.juvenile.juvenile",27,2022-12-19,2024-11-30,"Y","JND.juvenile",1.44933159781041,"juvenile","2.10331538155942",1.44933159781041,1
"JNI.cyc","JNI","JNI.cyc.adult",61,1986-11-01,2019-05-01,"Y","JNI.adult",0.277407407407407,"cyc","0.934990634611746",0.252655325385171,1.09796778272732
"JNI.lact","JNI","JNI.lact.adult",61,1986-11-01,2019-05-01,"Y","JNI.adult",0,"lact","0",0.252655325385171,0
"JNI.lact","JNI","JNI.lact.elder",61,1986-11-01,2019-05-01,"Y","JNI.elder",0,"lact","0",0.252655325385171,0
"JNI.preg","JNI","JNI.preg.adult",61,1986-11-01,2019-05-01,"Y","JNI.adult",1.23852454490362,"preg","2.71076883979394",0.252655325385171,4.90203221727267
"JNI.unknown","JNI","JNI.unknown.adult",61,1986-11-01,2019-05-01,"Y","JNI.adult",0,"unknown","",0.252655325385171,0
"JNI.unknown","JNI","JNI.unknown.elder",61,1986-11-01,2019-05-01,"Y","JNI.elder",0,"unknown","",0.252655325385171,0
"JUI.cyc","JUI","JUI.cyc.adult",111,2005-11-01,2024-11-30,"Y","JUI.adult",0.948839997397319,"cyc","3.19802747735797",1.06092202093059,0.894354136004302
"JUI.juvenile","JUI","JUI.juvenile.juvenile",111,2005-11-01,2024-11-30,"Y","JUI.juvenile",0.731352979021318,"juvenile","1.06136233588558",1.06092202093059,0.68935601730635
"JUI.preg","JUI","JUI.preg.adult",111,2005-11-01,2024-11-30,"Y","JUI.adult",1.4591217750676,"preg","3.19359180857079",1.06092202093059,1.37533366852705
"JUI.unknown","JUI","JUI.unknown.adult",111,2005-11-01,2024-11-30,"Y","JUI.adult",1.10437333223613,"unknown","",1.06092202093059,1.0409561781623
"JUM.cyc","JUM","JUM.cyc.adult",68,1989-11-01,2024-11-30,"Y","JUM.adult",0.32875298338476,"cyc","1.10804885651086",0.118609994190455,2.77171401641646
"JUM.lact","JUM","JUM.lact.adult",68,1989-11-01,2024-11-30,"Y","JUM.adult",0.145686993377061,"lact","0.365659207300303",0.118609994190455,1.22828598358354
"JUM.unknown","JUM","JUM.unknown.adult",68,1989-11-01,2024-11-30,"Y","JUM.adult",0,"unknown","",0.118609994190455,0
"JUM.unknown","JUM","JUM.unknown.elder",68,1989-11-01,2024-11-30,"Y","JUM.elder",0,"unknown","",0.118609994190455,0
"KIT.cyc","KIT","KIT.cyc.adult",236,1993-11-01,2024-11-30,"Y","KIT.adult",0,"cyc","0",0.0066453447050462,0
"KIT.juvenile","KIT","KIT.juvenile.juvenile",236,1993-11-01,2024-11-30,"Y","KIT.juvenile",0.0465174129353234,"juvenile","0.0675075257346426",0.0066453447050462,7
"KIT.lact","KIT","KIT.lact.adult",236,1993-11-01,2024-11-30,"Y","KIT.adult",0,"lact","0",0.0066453447050462,0
"KIT.lact","KIT","KIT.lact.elder",236,1993-11-01,2024-11-30,"Y","KIT.elder",0,"lact","0",0.0066453447050462,0
"KIT.preg","KIT","KIT.preg.adult",236,1993-11-01,2024-11-30,"Y","KIT.adult",0,"preg","0",0.0066453447050462,0
"KIT.preg","KIT","KIT.preg.elder",236,1993-11-01,2024-11-30,"Y","KIT.elder",0,"preg","0",0.0066453447050462,0
"KIT.unknown","KIT","KIT.unknown.adult",236,1993-11-01,2024-11-30,"Y","KIT.adult",0,"unknown","",0.0066453447050462,0
"KIY.cyc","KIY","KIY.cyc.juvenile",515,2001-12-13,2024-11-30,"Y","KIY.juvenile",0,"cyc","0",0.826226360605858,0
"KIY.cyc","KIY","KIY.cyc.adult",515,2001-12-13,2024-11-30,"Y","KIY.adult",0,"cyc","0",0.826226360605858,0
"KIY.juvenile","KIY","KIY.juvenile.juvenile",515,2001-12-13,2024-11-30,"Y","KIY.juvenile",0.39566510812203,"juvenile","0.574201589972028",0.826226360605858,0.478882213140592
"KIY.lact","KIY","KIY.lact.adult",515,2001-12-13,2024-11-30,"Y","KIY.adult",1.07173758936864,"lact","2.68994992811882",0.826226360605858,1.29714765888461
"KIY.preg","KIY","KIY.preg.adult",515,2001-12-13,2024-11-30,"Y","KIY.adult",2.47627847450692,"preg","5.41985102755326",0.826226360605858,2.99709449198777
"KIY.unknown","KIY","KIY.unknown.adult",515,2001-12-13,2024-11-30,"Y","KIY.adult",1.01367699163756,"unknown","",0.826226360605858,1.22687563598703
"KNG.juvenile","KNG","KNG.juvenile.juvenile",35,2000-11-01,2024-11-30,"Y","KNG.juvenile",0.203829787234043,"juvenile","0.29580416749144",0.401278119275616,0.507951411858674
"KNG.lact","KNG","KNG.lact.adult",35,2000-11-01,2024-11-30,"Y","KNG.adult",0.617948717948718,"lact","1.55098703816716",0.401278119275616,1.53995119161801
"KNG.unknown","KNG","KNG.unknown.adult",35,2000-11-01,2024-11-30,"Y","KNG.adult",0.382055852644088,"unknown","",0.401278119275616,0.952097396523319
"KOA.juvenile","KOA","KOA.juvenile.juvenile",33,2003-11-01,2024-11-30,"Y","KOA.juvenile",0.423283890908836,"juvenile","0.614282832072317",0.525654275256429,0.805251494820137
"KOA.lact","KOA","KOA.lact.adult",33,2003-11-01,2024-11-30,"Y","KOA.adult",0.166666666666667,"lact","0.418316006144669",0.525654275256429,0.317065178601205
"KOA.unknown","KOA","KOA.unknown.adult",33,2003-11-01,2024-11-30,"Y","KOA.adult",0.987012268193786,"unknown","",0.525654275256429,1.87768332657866
"LAS.unknown","LAS","LAS.unknown.adult",23,1976-11-01,2020-05-01,"Y","LAS.adult",0,"unknown","",0,NA
"LAS.unknown","LAS","LAS.unknown.elder",23,1976-11-01,2020-05-01,"Y","LAS.elder",0,"unknown","",0,NA
"LDO.juvenile","LDO","LDO.juvenile.juvenile",15,2013-12-15,2024-11-30,"Y","LDO.juvenile",0.528690679170219,"juvenile","0.767252462628834",0.578070013603901,0.914578972664862
"LDO.unknown","LDO","LDO.unknown.adult",15,2013-12-15,2024-11-30,"Y","LDO.adult",0.627449348037583,"unknown","",0.578070013603901,1.08542102733514
"LEN.cyc","LEN","LEN.cyc.adult",168,2006-02-15,2021-05-01,"Y","LEN.adult",1.20405469018031,"cyc","4.05821844989736",1.84036834900688,0.65424657559996
"LEN.juvenile","LEN","LEN.juvenile.juvenile",168,2006-02-15,2021-05-01,"Y","LEN.juvenile",2.05324648586633,"juvenile","2.97973557078302",1.84036834900688,1.11567148336055
"LEN.preg","LEN","LEN.preg.adult",168,2006-02-15,2021-05-01,"Y","LEN.adult",2.13940456396238,"preg","4.68253233378871",1.84036834900688,1.16248715379009
"LEN.unknown","LEN","LEN.unknown.adult",168,2006-02-15,2021-05-01,"Y","LEN.adult",1.96476765601852,"unknown","",1.84036834900688,1.0675947872494
"LEV.unknown","LEV","LEV.unknown.adult",10,1992-11-01,2024-11-30,"Y","LEV.adult",0,"unknown","",0,NA
"LIC.cyc","LIC","LIC.cyc.elder",630,1988-11-01,2024-11-30,"Y","LIC.elder",0,"cyc","0",0.013142304309691,0
"LIC.cyc","LIC","LIC.cyc.adult",630,1988-11-01,2024-11-30,"Y","LIC.adult",0,"cyc","0",0.013142304309691,0
"LIC.juvenile","LIC","LIC.juvenile.juvenile",630,1988-11-01,2024-11-30,"Y","LIC.juvenile",0.118280738787219,"juvenile","0.171652710538581",0.013142304309691,9
"LIC.lact","LIC","LIC.lact.elder",630,1988-11-01,2024-11-30,"Y","LIC.elder",0,"lact","0",0.013142304309691,0
"LIC.lact","LIC","LIC.lact.adult",630,1988-11-01,2024-11-30,"Y","LIC.adult",0,"lact","0",0.013142304309691,0
"LIC.preg","LIC","LIC.preg.elder",630,1988-11-01,2024-11-30,"Y","LIC.elder",0,"preg","0",0.013142304309691,0
"LIC.preg","LIC","LIC.preg.adult",630,1988-11-01,2024-11-30,"Y","LIC.adult",0,"preg","0",0.013142304309691,0
"LIC.unknown","LIC","LIC.unknown.adult",630,1988-11-01,2024-11-30,"Y","LIC.adult",0,"unknown","",0.013142304309691,0
"LIC.unknown","LIC","LIC.unknown.elder",630,1988-11-01,2024-11-30,"Y","LIC.elder",0,"unknown","",0.013142304309691,0
"LIF.cyc","LIF","LIF.cyc.adult",38,1991-11-01,2024-11-30,"Y","LIF.adult",0.24906015037594,"cyc","0.839447332112872",0.150685666298972,1.65284566537195
"LIF.lact","LIF","LIF.lact.adult",38,1991-11-01,2024-11-30,"Y","LIF.adult",0.353682514819949,"lact","0.887706342256103",0.150685666298972,2.34715433462805
"LIF.unknown","LIF","LIF.unknown.adult",38,1991-11-01,2024-11-30,"Y","LIF.adult",0,"unknown","",0.150685666298972,0
"LIF.unknown","LIF","LIF.unknown.elder",38,1991-11-01,2024-11-30,"Y","LIF.elder",0,"unknown","",0.150685666298972,0
"LIT.juvenile","LIT","LIT.juvenile.juvenile",154,1991-11-01,2024-11-30,"Y","LIT.juvenile",0.356205013947474,"juvenile","0.516935866130421",0.0593675023245791,6
"LIT.lact","LIT","LIT.lact.adult",154,1991-11-01,2024-11-30,"Y","LIT.adult",0,"lact","0",0.0593675023245791,0
"LIT.lact","LIT","LIT.lact.elder",154,1991-11-01,2024-11-30,"Y","LIT.elder",0,"lact","0",0.0593675023245791,0
"LIT.preg","LIT","LIT.preg.elder",154,1991-11-01,2024-11-30,"Y","LIT.elder",0,"preg","0",0.0593675023245791,0
"LIT.unknown","LIT","LIT.unknown.adult",154,1991-11-01,2024-11-30,"Y","LIT.adult",0,"unknown","",0.0593675023245791,0
"LIT.unknown","LIT","LIT.unknown.elder",154,1991-11-01,2024-11-30,"Y","LIT.elder",0,"unknown","",0.0593675023245791,0
"LLA.unknown","LLA","LLA.unknown.adult",11,1998-11-01,2024-11-30,"Y","LLA.adult",0,"unknown","",0,NA
"LOO.juvenile","LOO","LOO.juvenile.juvenile",29,2014-11-01,2024-11-30,"Y","LOO.juvenile",1.12454306374078,"juvenile","1.6319720944229",1.12454306374078,1
"LYR.juvenile","LYR","LYR.juvenile.juvenile",22,2011-11-01,2024-11-30,"Y","LYR.juvenile",0.952696188782902,"juvenile","1.3825825303522",0.952696188782902,1
"MDH.cyc","MDH","MDH.cyc.adult",22,2004-11-01,2024-11-30,"Y","MDH.adult",0.400439281447346,"cyc","1.34966467327984",0.238850130852819,1.67652946229324
"MDH.juvenile","MDH","MDH.juvenile.juvenile",22,2004-11-01,2024-11-30,"Y","MDH.juvenile",0,"juvenile","0",0.238850130852819,0
"MDH.unknown","MDH","MDH.unknown.adult",22,2004-11-01,2024-11-30,"Y","MDH.adult",0.316111111111111,"unknown","",0.238850130852819,1.32347053770676
"MEO.unknown","MEO","MEO.unknown.adult",18,1998-11-01,2024-11-30,"Y","MEO.adult",0,"unknown","",0,NA
"MIS.unknown","MIS","MIS.unknown.adult",21,1985-11-01,2024-11-30,"Y","MIS.adult",0,"unknown","",0,NA
"MNG.juvenile","MNG","MNG.juvenile.juvenile",21,2000-11-01,2024-11-30,"Y","MNG.juvenile",0.1,"juvenile","0.145123130188911",1.00121390937721,0.0998787562412147
"MNG.unknown","MNG","MNG.unknown.adult",21,2000-11-01,2024-11-30,"Y","MNG.adult",1.90242781875442,"unknown","",1.00121390937721,1.90012124375879
"MNV.unknown","MNV","MNV.unknown.adult",18,1987-11-01,2024-11-30,"Y","MNV.adult",0,"unknown","",0,NA
"MNV.unknown","MNV","MNV.unknown.elder",18,1987-11-01,2024-11-30,"Y","MNV.elder",0,"unknown","",0,NA
"MOU.cyc","MOU","MOU.cyc.adult",450,1995-09-29,2024-11-30,"Y","MOU.adult",0.693976916660181,"cyc","2.33902159923607",0.259323323241473,2.67610683059916
"MOU.juvenile","MOU","MOU.juvenile.juvenile",450,1995-09-29,2024-11-30,"Y","MOU.juvenile",0.351502411522223,"juvenile","0.510111302290556",0.259323323241473,1.35546007635771
"MOU.lact","MOU","MOU.lact.adult",450,1995-09-29,2024-11-30,"Y","MOU.adult",0,"lact","0",0.259323323241473,0
"MOU.lact","MOU","MOU.lact.elder",450,1995-09-29,2024-11-30,"Y","MOU.elder",0,"lact","0",0.259323323241473,0
"MOU.preg","MOU","MOU.preg.adult",450,1995-09-29,2024-11-30,"Y","MOU.adult",0,"preg","0",0.259323323241473,0
"MOU.preg","MOU","MOU.preg.elder",450,1995-09-29,2024-11-30,"Y","MOU.elder",0,"preg","0",0.259323323241473,0
"MOU.unknown","MOU","MOU.unknown.adult",450,1995-09-29,2024-11-30,"Y","MOU.adult",0.76978393450791,"unknown","",0.259323323241473,2.96843309304313
"MSC.lact","MSC","MSC.lact.adult",22,2002-11-01,2024-11-30,"Y","MSC.adult",0.443055555555556,"lact","1.11202338300124",0.493351117341259,0.898053211966452
"MSC.unknown","MSC","MSC.unknown.adult",22,2002-11-01,2024-11-30,"Y","MSC.adult",0.543646679126962,"unknown","",0.493351117341259,1.10194678803355
"MYS.cyc","MYS","MYS.cyc.adult",66,2003-01-01,2024-11-30,"Y","MYS.adult",0.568960113960114,"cyc","1.91765743745649",0.721187100195254,0.788921645722828
"MYS.juvenile","MYS","MYS.juvenile.juvenile",66,2003-01-01,2024-11-30,"Y","MYS.juvenile",0.598888654199186,"juvenile","0.8691259613201",0.721187100195254,0.830420641241424
"MYS.lact","MYS","MYS.lact.adult",66,2003-01-01,2024-11-30,"Y","MYS.adult",0.941137034844129,"lact","2.36215611390499",0.721187100195254,1.30498317924617
"MYS.preg","MYS","MYS.preg.adult",66,2003-01-01,2024-11-30,"Y","MYS.adult",0.467826441011301,"preg","1.02393557232555",0.721187100195254,0.648689418993548
"MYS.unknown","MYS","MYS.unknown.adult",66,2003-01-01,2024-11-30,"Y","MYS.adult",1.02912325696154,"unknown","",0.721187100195254,1.42698511479603
"NET.cyc","NET","NET.cyc.adult",39,2013-12-01,2024-11-30,"Y","NET.adult",0.705919201099088,"cyc","2.37927259401159",0.865698442296072,0.815433142315463
"NET.juvenile","NET","NET.juvenile.juvenile",39,2013-12-01,2024-11-30,"Y","NET.juvenile",1.19557932034712,"juvenile","1.73506213357905",0.865698442296072,1.38105749292573
"NET.unknown","NET","NET.unknown.adult",39,2013-12-01,2024-11-30,"Y","NET.adult",0.695596805442007,"unknown","",0.865698442296072,0.803509364758808
"NIC.cyc","NIC","NIC.cyc.adult",711,1979-12-29,2015-07-06,"Y","NIC.adult",0,"cyc","0",0.0450367692635734,0
"NIC.cyc","NIC","NIC.cyc.elder",711,1979-12-29,2015-07-06,"Y","NIC.elder",0,"cyc","0",0.0450367692635734,0
"NIC.juvenile","NIC","NIC.juvenile.juvenile",711,1979-12-29,2015-07-06,"Y","NIC.juvenile",0.40533092337216,"juvenile","0.588228923621295",0.0450367692635734,9
"NIC.lact","NIC","NIC.lact.elder",711,1979-12-29,2015-07-06,"Y","NIC.elder",0,"lact","0",0.0450367692635734,0
"NIC.lact","NIC","NIC.lact.adult",711,1979-12-29,2015-07-06,"Y","NIC.adult",0,"lact","0",0.0450367692635734,0
"NIC.preg","NIC","NIC.preg.elder",711,1979-12-29,2015-07-06,"Y","NIC.elder",0,"preg","0",0.0450367692635734,0
"NIC.preg","NIC","NIC.preg.adult",711,1979-12-29,2015-07-06,"Y","NIC.adult",0,"preg","0",0.0450367692635734,0
"NIC.unknown","NIC","NIC.unknown.adult",711,1979-12-29,2015-07-06,"Y","NIC.adult",0,"unknown","",0.0450367692635734,0
"NIC.unknown","NIC","NIC.unknown.elder",711,1979-12-29,2015-07-06,"Y","NIC.elder",0,"unknown","",0.0450367692635734,0
"NIR.cyc","NIR","NIR.cyc.adult",80,2004-11-01,2024-11-30,"Y","NIR.adult",0.418297747172872,"cyc","1.40985592180472",1.11021637685023,0.376771371684872
"NIR.juvenile","NIR","NIR.juvenile.juvenile",80,2004-11-01,2024-11-30,"Y","NIR.juvenile",0.530670762928827,"juvenile","0.770126022159689",1.11021637685023,0.477988592128662
"NIR.lact","NIR","NIR.lact.adult",80,2004-11-01,2024-11-30,"Y","NIR.adult",0.758950914492152,"lact","1.90488789246121",1.11021637685023,0.683606304426306
"NIR.preg","NIR","NIR.preg.adult",80,2004-11-01,2024-11-30,"Y","NIR.adult",2.13474895889468,"preg","4.67234257275424",1.11021637685023,1.92282243660567
"NIR.unknown","NIR","NIR.unknown.adult",80,2004-11-01,2024-11-30,"Y","NIR.adult",1.70841350076264,"unknown","",1.11021637685023,1.53881129515449
"NOE.cyc","NOE","NOE.cyc.adult",143,2012-08-27,2024-11-30,"Y","NOE.adult",0.390478356425375,"cyc","1.31609177162356",0.844083205823933,0.462606474967379
"NOE.juvenile","NOE","NOE.juvenile.juvenile",143,2012-08-27,2024-11-30,"Y","NOE.juvenile",1.6554207715738,"juvenile","2.40239844150532",0.844083205823933,1.96120567279608
"NOE.lact","NOE","NOE.lact.adult",143,2012-08-27,2024-11-30,"Y","NOE.adult",0.657507212003982,"lact","1.65027474562093",0.844083205823933,0.778960187179853
"NOE.preg","NOE","NOE.preg.adult",143,2012-08-27,2024-11-30,"Y","NOE.adult",1.2523172303561,"preg","2.74095700368258",0.844083205823933,1.48364192263922
"NOE.unknown","NOE","NOE.unknown.adult",143,2012-08-27,2024-11-30,"Y","NOE.adult",0.264692458760412,"unknown","",0.844083205823933,0.313585742417465
"NUM.cyc","NUM","NUM.cyc.adult",58,1995-11-01,2024-11-30,"Y","NUM.adult",0,"cyc","0",0.0997261789877253,0
"NUM.juvenile","NUM","NUM.juvenile.juvenile",58,1995-11-01,2024-11-30,"Y","NUM.juvenile",0.186228890338479,"juvenile","0.270261194975275",0.0997261789877253,1.86740224311012
"NUM.lact","NUM","NUM.lact.adult",58,1995-11-01,2024-11-30,"Y","NUM.adult",0,"lact","0",0.0997261789877253,0
"NUM.preg","NUM","NUM.preg.adult",58,1995-11-01,2024-11-30,"Y","NUM.adult",0,"preg","0",0.0997261789877253,0
"NUM.unknown","NUM","NUM.unknown.adult",58,1995-11-01,2024-11-30,"Y","NUM.adult",0.312402004600147,"unknown","",0.0997261789877253,3.13259775688988
"OLI.cyc","OLI","OLI.cyc.adult",138,1983-11-01,2024-11-30,"Y","OLI.adult",0.144270894270894,"cyc","0.486259311714203",0.024045149045149,6
"OLI.lact","OLI","OLI.lact.adult",138,1983-11-01,2024-11-30,"Y","OLI.adult",0,"lact","0",0.024045149045149,0
"OLI.lact","OLI","OLI.lact.elder",138,1983-11-01,2024-11-30,"Y","OLI.elder",0,"lact","0",0.024045149045149,0
"OLI.preg","OLI","OLI.preg.adult",138,1983-11-01,2024-11-30,"Y","OLI.adult",0,"preg","0",0.024045149045149,0
"OLI.unknown","OLI","OLI.unknown.adult",138,1983-11-01,2024-11-30,"Y","OLI.adult",0,"unknown","",0.024045149045149,0
"OLI.unknown","OLI","OLI.unknown.elder",138,1983-11-01,2024-11-30,"Y","OLI.elder",0,"unknown","",0.024045149045149,0
"OMA.unknown","OMA","OMA.unknown.adult",10,2006-11-01,2024-11-30,"Y","OMA.adult",1.36858916848047,"unknown","",1.36858916848047,1
"OPY.cyc","OPY","OPY.cyc.adult",88,2011-11-01,2024-11-30,"Y","OPY.adult",0.244270309597693,"cyc","0.823303364254201",0.422044468865543,0.578778606563171
"OPY.juvenile","OPY","OPY.juvenile.juvenile",88,2011-11-01,2024-11-30,"Y","OPY.juvenile",0.738808092105134,"juvenile","1.07218142935194",0.422044468865543,1.75054560978148
"OPY.unknown","OPY","OPY.unknown.adult",88,2011-11-01,2024-11-30,"Y","OPY.adult",0.283055004893802,"unknown","",0.422044468865543,0.670675783655346
"PDR.cyc","PDR","PDR.cyc.adult",31,2010-11-01,2024-11-30,"Y","PDR.adult",0.798717948717949,"cyc","2.69204708240118",1.41070024876475,0.566185445432031
"PDR.juvenile","PDR","PDR.juvenile.juvenile",31,2010-11-01,2024-11-30,"Y","PDR.juvenile",2.83892268344232,"juvenile","4.11993346185452",1.41070024876475,2.01242091360525
"PDR.preg","PDR","PDR.preg.adult",31,2010-11-01,2024-11-30,"Y","PDR.adult",1.25197248691675,"preg","2.74020246088651",1.41070024876475,0.887482998612223
"PDR.unknown","PDR","PDR.unknown.adult",31,2010-11-01,2024-11-30,"Y","PDR.adult",0.753187875981994,"unknown","",1.41070024876475,0.533910642350496
"PDT.unknown","PDT","PDT.unknown.elder",28,1981-11-01,2020-05-01,"Y","PDT.elder",0,"unknown","",0,NA
"PEG.cyc","PEG","PEG.cyc.juvenile",637,1993-11-01,2015-06-18,"Y","PEG.juvenile",0,"cyc","0",0.649605302566657,0
"PEG.cyc","PEG","PEG.cyc.adult",637,1993-11-01,2015-06-18,"Y","PEG.adult",0,"cyc","0",0.649605302566657,0
"PEG.juvenile","PEG","PEG.juvenile.juvenile",637,1993-11-01,2015-06-18,"Y","PEG.juvenile",0.300607081709233,"juvenile","0.436250406545975",0.649605302566657,0.46275342969262
"PEG.lact","PEG","PEG.lact.adult",637,1993-11-01,2015-06-18,"Y","PEG.adult",1.15036326086975,"lact","2.88729218941554",0.649605302566657,1.77086494879975
"PEG.preg","PEG","PEG.preg.adult",637,1993-11-01,2015-06-18,"Y","PEG.adult",0.907769402550888,"preg","1.98684234420626",0.649605302566657,1.39741686061397
"PEG.unknown","PEG","PEG.unknown.adult",637,1993-11-01,2015-06-18,"Y","PEG.adult",1.53889207027007,"unknown","",0.649605302566657,2.36896476089366
"PHA.cyc","PHA","PHA.cyc.adult",138,1990-11-01,2024-11-30,"Y","PHA.adult",0,"cyc","0",0.00571428571428571,0
"PHA.juvenile","PHA","PHA.juvenile.juvenile",138,1990-11-01,2024-11-30,"Y","PHA.juvenile",0.04,"juvenile","0.0580492520755643",0.00571428571428571,7
"PHA.lact","PHA","PHA.lact.adult",138,1990-11-01,2024-11-30,"Y","PHA.adult",0,"lact","0",0.00571428571428571,0
"PHA.preg","PHA","PHA.preg.adult",138,1990-11-01,2024-11-30,"Y","PHA.adult",0,"preg","0",0.00571428571428571,0
"PHA.preg","PHA","PHA.preg.elder",138,1990-11-01,2024-11-30,"Y","PHA.elder",0,"preg","0",0.00571428571428571,0
"PHA.unknown","PHA","PHA.unknown.elder",138,1990-11-01,2024-11-30,"Y","PHA.elder",0,"unknown","",0.00571428571428571,0
"PHA.unknown","PHA","PHA.unknown.adult",138,1990-11-01,2024-11-30,"Y","PHA.adult",0,"unknown","",0.00571428571428571,0
"PHX.juvenile","PHX","PHX.juvenile.juvenile",13,2018-12-01,2024-11-30,"Y","PHX.juvenile",0.622820511220735,"juvenile","0.903856621342108",0.622820511220735,1
"PIC.cyc","PIC","PIC.cyc.juvenile",812,1996-12-06,2024-11-30,"Y","PIC.juvenile",0,"cyc","0",0.116546938998922,0
"PIC.cyc","PIC","PIC.cyc.adult",812,1996-12-06,2024-11-30,"Y","PIC.adult",0,"cyc","0",0.116546938998922,0
"PIC.juvenile","PIC","PIC.juvenile.juvenile",812,1996-12-06,2024-11-30,"Y","PIC.juvenile",0.560741011759671,"juvenile","0.813764908518602",0.116546938998922,4.8112890529442
"PIC.lact","PIC","PIC.lact.adult",812,1996-12-06,2024-11-30,"Y","PIC.adult",0,"lact","0",0.116546938998922,0
"PIC.lact","PIC","PIC.lact.elder",812,1996-12-06,2024-11-30,"Y","PIC.elder",0,"lact","0",0.116546938998922,0
"PIC.preg","PIC","PIC.preg.adult",812,1996-12-06,2024-11-30,"Y","PIC.adult",0,"preg","0",0.116546938998922,0
"PIC.unknown","PIC","PIC.unknown.adult",812,1996-12-06,2024-11-30,"Y","PIC.adult",0.255087561232785,"unknown","",0.116546938998922,2.1887109470558
"POL.juvenile","POL","POL.juvenile.juvenile",78,1998-11-01,2019-05-01,"Y","POL.juvenile",1.5913827953843,"juvenile","2.30946452594949",1.1383940741754,1.3979190787136
"POL.lact","POL","POL.lact.adult",78,1998-11-01,2019-05-01,"Y","POL.adult",0.798018115715864,"lact","2.00294250598413",1.1383940741754,0.701003399278857
"POL.preg","POL","POL.preg.adult",78,1998-11-01,2019-05-01,"Y","POL.adult",1.20845710870043,"preg","2.6449599953205",1.1383940741754,1.06154550178573
"POL.unknown","POL","POL.unknown.adult",78,1998-11-01,2019-05-01,"Y","POL.adult",0.955718276901007,"unknown","",1.1383940741754,0.839532020221806
"PRN.juvenile","PRN","PRN.juvenile.juvenile",10,2002-11-01,2024-11-30,"Y","PRN.juvenile",0.242857142857143,"juvenile","0.352441887601641",0.242857142857143,1
"PSI.juvenile","PSI","PSI.juvenile.juvenile",35,1996-11-01,2024-11-30,"Y","PSI.juvenile",0.122796588141288,"juvenile","0.178206252475822",0.040932196047096,3
"PSI.lact","PSI","PSI.lact.adult",35,1996-11-01,2024-11-30,"Y","PSI.adult",0,"lact","0",0.040932196047096,0
"PSI.unknown","PSI","PSI.unknown.adult",35,1996-11-01,2024-11-30,"Y","PSI.adult",0,"unknown","",0.040932196047096,0
"PUC.cyc","PUC","PUC.cyc.adult",1061,1980-12-01,2019-03-22,"Y","PUC.adult",0,"cyc","0",0.0441818096685353,0
"PUC.cyc","PUC","PUC.cyc.elder",1061,1980-12-01,2019-03-22,"Y","PUC.elder",0,"cyc","0",0.0441818096685353,0
"PUC.juvenile","PUC","PUC.juvenile.juvenile",1061,1980-12-01,2019-03-22,"Y","PUC.juvenile",0.397636287016818,"juvenile","0.577062226485768",0.0441818096685353,9
"PUC.lact","PUC","PUC.lact.adult",1061,1980-12-01,2019-03-22,"Y","PUC.adult",0,"lact","0",0.0441818096685353,0
"PUC.lact","PUC","PUC.lact.elder",1061,1980-12-01,2019-03-22,"Y","PUC.elder",0,"lact","0",0.0441818096685353,0
"PUC.preg","PUC","PUC.preg.adult",1061,1980-12-01,2019-03-22,"Y","PUC.adult",0,"preg","0",0.0441818096685353,0
"PUC.preg","PUC","PUC.preg.elder",1061,1980-12-01,2019-03-22,"Y","PUC.elder",0,"preg","0",0.0441818096685353,0
"PUC.unknown","PUC","PUC.unknown.adult",1061,1980-12-01,2019-03-22,"Y","PUC.adult",0,"unknown","",0.0441818096685353,0
"PUC.unknown","PUC","PUC.unknown.elder",1061,1980-12-01,2019-03-22,"Y","PUC.elder",0,"unknown","",0.0441818096685353,0
"PWE.juvenile","PWE","PWE.juvenile.juvenile",27,2009-11-01,2024-11-30,"Y","PWE.juvenile",0.945571090922378,"juvenile","1.37224236530799",0.870106009135267,1.08673090519408
"PWE.unknown","PWE","PWE.unknown.adult",27,2009-11-01,2024-11-30,"Y","PWE.adult",0.794640927348157,"unknown","",0.870106009135267,0.913269094805919
"PZL.cyc","PZL","PZL.cyc.adult",53,2001-11-01,2024-11-30,"Y","PZL.adult",0.511766795368339,"cyc","1.72488963163096",0.787961909411196,0.649481642774785
"PZL.lact","PZL","PZL.lact.adult",53,2001-11-01,2024-11-30,"Y","PZL.adult",0.621487451335849,"lact","1.55986889107105",0.787961909411196,0.78872778482434
"PZL.preg","PZL","PZL.preg.adult",53,2001-11-01,2024-11-30,"Y","PZL.adult",0.955413165266106,"preg","2.09112063881931",0.787961909411196,1.21251186618911
"PZL.unknown","PZL","PZL.unknown.adult",53,2001-11-01,2024-11-30,"Y","PZL.adult",1.06318022567449,"unknown","",0.787961909411196,1.34927870621176
"PZZ.unknown","PZZ","PZZ.unknown.adult",15,1997-11-01,2024-11-30,"Y","PZZ.adult",0,"unknown","",0,NA
"RBD.juvenile","RBD","RBD.juvenile.juvenile",65,2003-11-01,2024-11-30,"Y","RBD.juvenile",0.416699225350479,"juvenile","0.604726959301558",0.669152165231902,0.622727156843417
"RBD.unknown","RBD","RBD.unknown.adult",65,2003-11-01,2024-11-30,"Y","RBD.adult",0.921605105113325,"unknown","",0.669152165231902,1.37727284315658
"RDC.juvenile","RDC","RDC.juvenile.juvenile",40,2010-04-01,2024-11-30,"Y","RDC.juvenile",0.681694093800992,"juvenile","0.989295807236929",0.601789186106054,1.13277890254554
"RDC.unknown","RDC","RDC.unknown.adult",40,2010-04-01,2024-11-30,"Y","RDC.adult",0.521884278411117,"unknown","",0.601789186106054,0.867221097454457
"REG.lact","REG","REG.lact.adult",31,1980-11-01,2024-11-30,"Y","REG.adult",0,"lact","0",0.230017308433457,0
"REG.lact","REG","REG.lact.elder",31,1980-11-01,2024-11-30,"Y","REG.elder",0,"lact","0",0.230017308433457,0
"REG.unknown","REG","REG.unknown.elder",31,1980-11-01,2024-11-30,"Y","REG.elder",0.690051925300373,"unknown","",0.230017308433457,3
"RHO.cyc","RHO","RHO.cyc.adult",335,2001-10-08,2024-11-30,"Y","RHO.adult",1.13781248685112,"cyc","3.83495173792426",1.29350888642127,0.879632524210247
"RHO.juvenile","RHO","RHO.juvenile.juvenile",335,2001-10-08,2024-11-30,"Y","RHO.juvenile",1.21419592566652,"juvenile","1.76207913395348",1.29350888642127,0.938683868671224
"RHO.lact","RHO","RHO.lact.adult",335,2001-10-08,2024-11-30,"Y","RHO.adult",1.13217557992001,"lact","2.84164300107998",1.29350888642127,0.875274682536111
"RHO.preg","RHO","RHO.preg.adult",335,2001-10-08,2024-11-30,"Y","RHO.adult",1.02819259251047,"preg","2.25041356875267",1.29350888642127,0.794886377128153
"RHO.unknown","RHO","RHO.unknown.adult",335,2001-10-08,2024-11-30,"Y","RHO.adult",1.9551678471582,"unknown","",1.29350888642127,1.51152254745427
"RIP.cyc","RIP","RIP.cyc.adult",133,1997-12-01,2024-11-30,"Y","RIP.adult",0.369226282133809,"cyc","1.2444625003853",0.642325321118521,0.574827536754821
"RIP.juvenile","RIP","RIP.juvenile.juvenile",133,1997-12-01,2024-11-30,"Y","RIP.juvenile",0.435580346970363,"juvenile","0.63212783401111",0.642325321118521,0.678130431183781
"RIP.lact","RIP","RIP.lact.adult",133,1997-12-01,2024-11-30,"Y","RIP.adult",0.454401847787111,"lact","1.14050139690637",0.642325321118521,0.707432562359261
"RIP.preg","RIP","RIP.preg.adult",133,1997-12-01,2024-11-30,"Y","RIP.adult",0.829639127462476,"preg","1.81583796966585",0.642325321118521,1.29161828155517
"RIP.unknown","RIP","RIP.unknown.adult",133,1997-12-01,2024-11-30,"Y","RIP.adult",1.12277900123885,"unknown","",0.642325321118521,1.74799118814697
"RKS.juvenile","RKS","RKS.juvenile.juvenile",19,2015-11-01,2024-11-30,"Y","RKS.juvenile",1.90313933590918,"juvenile","2.76189537612785",1.80338907122657,1.05531267005781
"RKS.unknown","RKS","RKS.unknown.adult",19,2015-11-01,2024-11-30,"Y","RKS.adult",1.70363880654396,"unknown","",1.80338907122657,0.944687329942195
"RKT.juvenile","RKT","RKT.juvenile.juvenile",82,2016-03-23,2024-11-30,"Y","RKT.juvenile",1.78887195665657,"juvenile","2.59606697857163",2.1933867530906,0.815575253263453
"RKT.unknown","RKT","RKT.unknown.adult",82,2016-03-23,2024-11-30,"Y","RKT.adult",2.59790154952464,"unknown","",2.1933867530906,1.18442474673655
"RLF.juvenile","RLF","RLF.juvenile.juvenile",35,2006-05-01,2024-11-30,"Y","RLF.juvenile",0.843077706893496,"juvenile","1.22350075816873",1.37908720003543,0.611330238488066
"RLF.lact","RLF","RLF.lact.adult",35,2006-05-01,2024-11-30,"Y","RLF.adult",1.47318849732643,"lact","3.69754997099915",1.37908720003543,1.06823447950832
"RLF.unknown","RLF","RLF.unknown.adult",35,2006-05-01,2024-11-30,"Y","RLF.adult",1.82099539588635,"unknown","",1.37908720003543,1.32043528200361
"RPC.unknown","RPC","RPC.unknown.adult",11,1990-11-01,2024-11-30,"Y","RPC.adult",0,"unknown","",0,NA
"RSH.cyc","RSH","RSH.cyc.adult",64,1989-11-01,2017-05-01,"Y","RSH.adult",0.246212121212121,"cyc","0.829848163077848",0.281949090646263,0.873250275955039
"RSH.lact","RSH","RSH.lact.adult",64,1989-11-01,2017-05-01,"Y","RSH.adult",0.272968881904304,"lact","0.685123514879905",0.281949090646263,0.968149538197215
"RSH.preg","RSH","RSH.preg.adult",64,1989-11-01,2017-05-01,"Y","RSH.adult",0.227264769544181,"preg","0.497416266959213",0.281949090646263,0.806048953813832
"RSH.unknown","RSH","RSH.unknown.adult",64,1989-11-01,2017-05-01,"Y","RSH.adult",0.381350589924444,"unknown","",0.281949090646263,1.35255123203391
"RSO.cyc","RSO","RSO.cyc.adult",82,2006-11-01,2024-11-30,"Y","RSO.adult",0.749607757042158,"cyc","2.52652313439277",1.32322662463533,0.566499904918967
"RSO.juvenile","RSO","RSO.juvenile.juvenile",82,2006-11-01,2024-11-30,"Y","RSO.juvenile",0.931282820361679,"juvenile","1.35150677982044",1.32322662463533,0.703796918096577
"RSO.lact","RSO","RSO.lact.adult",82,2006-11-01,2024-11-30,"Y","RSO.adult",0.873296782834039,"lact","2.19188413424474",1.32322662463533,0.659975220098609
"RSO.preg","RSO","RSO.preg.adult",82,2006-11-01,2024-11-30,"Y","RSO.adult",2.22413530796871,"preg","4.86798320884004",1.32322662463533,1.68084231873862
"RSO.unknown","RSO","RSO.unknown.adult",82,2006-11-01,2024-11-30,"Y","RSO.adult",1.83781045497004,"unknown","",1.32322662463533,1.38888563814723
"SCA.cyc","SCA","SCA.cyc.adult",113,1981-11-01,2018-05-01,"Y","SCA.adult",0,"cyc","0",0,NA
"SCA.lact","SCA","SCA.lact.elder",113,1981-11-01,2018-05-01,"Y","SCA.elder",0,"lact","0",0,NA
"SCA.lact","SCA","SCA.lact.adult",113,1981-11-01,2018-05-01,"Y","SCA.adult",0,"lact","0",0,NA
"SCA.preg","SCA","SCA.preg.adult",113,1981-11-01,2018-05-01,"Y","SCA.adult",0,"preg","0",0,NA
"SCA.unknown","SCA","SCA.unknown.adult",113,1981-11-01,2018-05-01,"Y","SCA.adult",0,"unknown","",0,NA
"SCA.unknown","SCA","SCA.unknown.elder",113,1981-11-01,2018-05-01,"Y","SCA.elder",0,"unknown","",0,NA
"SCT.cyc","SCT","SCT.cyc.adult",49,1991-11-01,2024-11-30,"Y","SCT.adult",0.558647365676756,"cyc","1.88289872948916",0.699248804677639,0.798925020593061
"SCT.lact","SCT","SCT.lact.adult",49,1991-11-01,2024-11-30,"Y","SCT.adult",0.446626369846184,"lact","1.12098575563768",0.699248804677639,0.638723108081799
"SCT.preg","SCT","SCT.preg.adult",49,1991-11-01,2024-11-30,"Y","SCT.adult",1.0046496657604,"preg","2.1988849716859",0.699248804677639,1.43675564268366
"SCT.unknown","SCT","SCT.unknown.adult",49,1991-11-01,2024-11-30,"Y","SCT.adult",0.787071817427213,"unknown","",0.699248804677639,1.12559622864148
"SEM.juvenile","SEM","SEM.juvenile.juvenile",11,2021-11-01,2024-11-30,"Y","SEM.juvenile",1.45291249661526,"juvenile","2.10851209399392",1.45291249661526,1
"SEQ.juvenile","SEQ","SEQ.juvenile.juvenile",44,2003-03-01,2017-05-01,"Y","SEQ.juvenile",0.447171755066923,"juvenile","0.648949648273808",0.783146417660374,0.570993807777139
"SEQ.unknown","SEQ","SEQ.unknown.adult",44,2003-03-01,2017-05-01,"Y","SEQ.adult",1.11912108025383,"unknown","",0.783146417660374,1.42900619222286
"SHB.juvenile","SHB","SHB.juvenile.juvenile",12,2007-11-01,2024-11-30,"Y","SHB.juvenile",0.544009879009879,"juvenile","0.789484164956043",0.544009879009879,1
"SHC.cyc","SHC","SHC.cyc.adult",531,1998-10-25,2018-07-27,"Y","SHC.adult",0.180585838889034,"cyc","0.608657388361591",0.627498829123046,0.287786734425321
"SHC.juvenile","SHC","SHC.juvenile.juvenile",531,1998-10-25,2018-07-27,"Y","SHC.juvenile",0.685343505824442,"juvenile","0.994591948198851",0.627498829123046,1.09218292372312
"SHC.lact","SHC","SHC.lact.adult",531,1998-10-25,2018-07-27,"Y","SHC.adult",0.762437478987746,"lact","1.91363880687098",0.627498829123046,1.21504207434663
"SHC.preg","SHC","SHC.preg.adult",531,1998-10-25,2018-07-27,"Y","SHC.adult",0.562965658406125,"preg","1.23216755853648",0.627498829123046,0.897158101781466
"SHC.unknown","SHC","SHC.unknown.adult",531,1998-10-25,2018-07-27,"Y","SHC.adult",0.946161663507884,"unknown","",0.627498829123046,1.50783016572347
"SKF.cyc","SKF","SKF.cyc.juvenile",511,1998-11-01,2024-11-30,"Y","SKF.juvenile",0,"cyc","0",1.28240153066899,0
"SKF.cyc","SKF","SKF.cyc.adult",511,1998-11-01,2024-11-30,"Y","SKF.adult",0,"cyc","0",1.28240153066899,0
"SKF.juvenile","SKF","SKF.juvenile.juvenile",511,1998-11-01,2024-11-30,"Y","SKF.juvenile",0.964631153564107,"juvenile","1.39990292482963",1.28240153066899,0.7522068014539
"SKF.lact","SKF","SKF.lact.adult",511,1998-11-01,2024-11-30,"Y","SKF.adult",2.43197871517615,"lact","6.10401373896797",1.28240153066899,1.89642530597063
"SKF.preg","SKF","SKF.preg.adult",511,1998-11-01,2024-11-30,"Y","SKF.adult",1.89321939319549,"preg","4.14370482933568",1.28240153066899,1.47630780837251
"SKF.unknown","SKF","SKF.unknown.adult",511,1998-11-01,2024-11-30,"Y","SKF.adult",2.4045799220782,"unknown","",1.28240153066899,1.87506008420296
"SOG.cyc","SOG","SOG.cyc.adult",197,1995-11-01,2024-11-30,"Y","SOG.adult",0.356643460635398,"cyc","1.20205260092386",0.0905476989280122,3.93873576973987
"SOG.juvenile","SOG","SOG.juvenile.juvenile",197,1995-11-01,2024-11-30,"Y","SOG.juvenile",0.277190431860687,"juvenile","0.402267431300389",0.0905476989280122,3.06126423026013
"SOG.lact","SOG","SOG.lact.adult",197,1995-11-01,2024-11-30,"Y","SOG.adult",0,"lact","0",0.0905476989280122,0
"SOG.lact","SOG","SOG.lact.elder",197,1995-11-01,2024-11-30,"Y","SOG.elder",0,"lact","0",0.0905476989280122,0
"SOG.preg","SOG","SOG.preg.elder",197,1995-11-01,2024-11-30,"Y","SOG.elder",0,"preg","0",0.0905476989280122,0
"SOG.preg","SOG","SOG.preg.adult",197,1995-11-01,2024-11-30,"Y","SOG.adult",0,"preg","0",0.0905476989280122,0
"SOG.unknown","SOG","SOG.unknown.adult",197,1995-11-01,2024-11-30,"Y","SOG.adult",0,"unknown","",0.0905476989280122,0
"SON.juvenile","SON","SON.juvenile.juvenile",97,2014-11-17,2024-11-30,"Y","SON.juvenile",1.26358326999463,"juvenile","1.8337515939596",1.41042136506056,0.895890619141584
"SON.unknown","SON","SON.unknown.adult",97,2014-11-17,2024-11-30,"Y","SON.adult",1.5572594601265,"unknown","",1.41042136506056,1.10410938085842
"SOP.lact","SOP","SOP.lact.adult",20,2004-11-01,2024-11-30,"Y","SOP.adult",0.526578628629712,"lact","1.32165761309711",0.504554284448628,1.04365108940687
"SOP.unknown","SOP","SOP.unknown.adult",20,2004-11-01,2024-11-30,"Y","SOP.adult",0.482529940267544,"unknown","",0.504554284448628,0.956348910593135
"SPE.cyc","SPE","SPE.cyc.adult",98,1996-01-01,2024-11-30,"Y","SPE.adult",0.661800421800422,"cyc","2.23057200291968",0.138330233613816,4.78420663734298
"SPE.juvenile","SPE","SPE.juvenile.juvenile",98,1996-01-01,2024-11-30,"Y","SPE.juvenile",0.0298507462686567,"juvenile","0.0433203373698241",0.138330233613816,0.215793362657022
"SPE.lact","SPE","SPE.lact.adult",98,1996-01-01,2024-11-30,"Y","SPE.adult",0,"lact","0",0.138330233613816,0
"SPE.lact","SPE","SPE.lact.elder",98,1996-01-01,2024-11-30,"Y","SPE.elder",0,"lact","0",0.138330233613816,0
"SPE.unknown","SPE","SPE.unknown.adult",98,1996-01-01,2024-11-30,"Y","SPE.adult",0,"unknown","",0.138330233613816,0
"SQE.juvenile","SQE","SQE.juvenile.juvenile",19,2017-10-27,2024-11-30,"Y","SQE.juvenile",2.19065727873777,"juvenile","3.17915041461547",2.19065727873777,1
"STV.unknown","STV","STV.unknown.adult",11,2003-11-01,2024-11-30,"Y","STV.adult",0.605313673043154,"unknown","",0.605313673043154,1
"SUM.juvenile","SUM","SUM.juvenile.juvenile",45,1999-11-01,2024-11-30,"Y","SUM.juvenile",0.547405502175651,"juvenile","0.794411999583631",0.747430085200787,0.732383554013079
"SUM.lact","SUM","SUM.lact.adult",45,1999-11-01,2024-11-30,"Y","SUM.adult",1.22619047619048,"lact","3.07761061663578",0.747430085200787,1.64054203927459
"SUM.unknown","SUM","SUM.unknown.adult",45,1999-11-01,2024-11-30,"Y","SUM.adult",0.468694277236233,"unknown","",0.747430085200787,0.627074406712335
"SUP.juvenile","SUP","SUP.juvenile.juvenile",37,2006-11-01,2024-11-30,"Y","SUP.juvenile",0.421264022900645,"juvenile","0.611351536393147",0.401336642751491,1.0496525311333
"SUP.lact","SUP","SUP.lact.adult",37,2006-11-01,2024-11-30,"Y","SUP.adult",0.0723370429252782,"lact","0.181558457356907",0.401336642751491,0.180240315036645
"SUP.preg","SUP","SUP.preg.adult",37,2006-11-01,2024-11-30,"Y","SUP.adult",0.687814407814408,"preg","1.50542504138237",0.401336642751491,1.71380914311456
"SUP.unknown","SUP","SUP.unknown.adult",37,2006-11-01,2024-11-30,"Y","SUP.adult",0.423931097365632,"unknown","",0.401336642751491,1.05629801071549
"SUR.cyc","SUR","SUR.cyc.adult",789,1983-11-01,2019-03-25,"Y","SUR.adult",0,"cyc","0",0.00282897705578118,0
"SUR.cyc","SUR","SUR.cyc.elder",789,1983-11-01,2019-03-25,"Y","SUR.elder",0,"cyc","0",0.00282897705578118,0
"SUR.juvenile","SUR","SUR.juvenile.juvenile",789,1983-11-01,2019-03-25,"Y","SUR.juvenile",0.0254607935020306,"juvenile","0.0369495005010816",0.00282897705578118,9
"SUR.lact","SUR","SUR.lact.elder",789,1983-11-01,2019-03-25,"Y","SUR.elder",0,"lact","0",0.00282897705578118,0
"SUR.lact","SUR","SUR.lact.adult",789,1983-11-01,2019-03-25,"Y","SUR.adult",0,"lact","0",0.00282897705578118,0
"SUR.preg","SUR","SUR.preg.elder",789,1983-11-01,2019-03-25,"Y","SUR.elder",0,"preg","0",0.00282897705578118,0
"SUR.preg","SUR","SUR.preg.adult",789,1983-11-01,2019-03-25,"Y","SUR.adult",0,"preg","0",0.00282897705578118,0
"SUR.unknown","SUR","SUR.unknown.adult",789,1983-11-01,2019-03-25,"Y","SUR.adult",0,"unknown","",0.00282897705578118,0
"SUR.unknown","SUR","SUR.unknown.elder",789,1983-11-01,2019-03-25,"Y","SUR.elder",0,"unknown","",0.00282897705578118,0
"SVD.unknown","SVD","SVD.unknown.adult",56,1994-11-01,2024-11-30,"Y","SVD.adult",0,"unknown","",0,NA
"TAF.cyc","TAF","TAF.cyc.adult",87,1991-11-01,2024-11-30,"Y","TAF.adult",0,"cyc","0",0.103025170519007,0
"TAF.juvenile","TAF","TAF.juvenile.juvenile",87,1991-11-01,2024-11-30,"Y","TAF.juvenile",0.257575757575758,"juvenile","0.37380200200174",0.103025170519007,2.50012454508131
"TAF.lact","TAF","TAF.lact.adult",87,1991-11-01,2024-11-30,"Y","TAF.adult",0,"lact","0",0.103025170519007,0
"TAF.preg","TAF","TAF.preg.adult",87,1991-11-01,2024-11-30,"Y","TAF.adult",0.360575265538287,"preg","0.789194044028957",0.103025170519007,3.49987545491869
"TAF.unknown","TAF","TAF.unknown.elder",87,1991-11-01,2024-11-30,"Y","TAF.elder",0,"unknown","",0.103025170519007,0
"TAF.unknown","TAF","TAF.unknown.adult",87,1991-11-01,2024-11-30,"Y","TAF.adult",0,"unknown","",0.103025170519007,0
"TAL.juvenile","TAL","TAL.juvenile.juvenile",56,1996-11-01,2024-11-30,"Y","TAL.juvenile",0.0432773109243697,"juvenile","0.0628053882750328",0.0216386554621849,2
"TAL.unknown","TAL","TAL.unknown.adult",56,1996-11-01,2024-11-30,"Y","TAL.adult",0,"unknown","",0.0216386554621849,0
"TAM.cyc","TAM","TAM.cyc.adult",81,1987-11-01,2024-11-30,"Y","TAM.adult",0.175405365233074,"cyc","0.591196807923443",0.175276286438917,1.00073643044807
"TAM.lact","TAM","TAM.lact.adult",81,1987-11-01,2024-11-30,"Y","TAM.adult",0.238966982674076,"lact","0.599782282755972",0.175276286438917,1.36337314949536
"TAM.preg","TAM","TAM.preg.adult",81,1987-11-01,2024-11-30,"Y","TAM.adult",0.462009084287433,"preg","1.01120307590316",0.175276286438917,2.63589042005658
"TAM.unknown","TAM","TAM.unknown.adult",81,1987-11-01,2024-11-30,"Y","TAM.adult",0,"unknown","",0.175276286438917,0
"TAM.unknown","TAM","TAM.unknown.elder",81,1987-11-01,2024-11-30,"Y","TAM.elder",0,"unknown","",0.175276286438917,0
"TAW.juvenile","TAW","TAW.juvenile.juvenile",76,2004-11-01,2024-11-30,"Y","TAW.juvenile",1.36839254637642,"juvenile","1.98585409657321",1.41494612913958,0.967098688915126
"TAW.lact","TAW","TAW.lact.adult",76,2004-11-01,2024-11-30,"Y","TAW.adult",2.30356662105891,"lact","5.78171273285721",1.41494612913958,1.62802425733317
"TAW.preg","TAW","TAW.preg.adult",76,2004-11-01,2024-11-30,"Y","TAW.adult",1.13528774420421,"preg","2.4848136065226",1.41494612913958,0.802354040782155
"TAW.unknown","TAW","TAW.unknown.adult",76,2004-11-01,2024-11-30,"Y","TAW.adult",0.852537604918786,"unknown","",1.41494612913958,0.602523012969551
"TDL.preg","TDL","TDL.preg.adult",19,2015-11-01,2024-11-30,"Y","TDL.adult",1.20535816665848,"preg","2.63817731543077",1.20535816665848,1
"TDO.unknown","TDO","TDO.unknown.adult",26,2006-11-01,2024-11-30,"Y","TDO.adult",0.420929046837238,"unknown","",0.420929046837238,1
"TOG.lact","TOG","TOG.lact.adult",25,2006-10-15,2024-11-30,"Y","TOG.adult",1.17004476085043,"lact","2.93669070821667",1.56785524351156,0.746270910973803
"TOG.unknown","TOG","TOG.unknown.adult",25,2006-10-15,2024-11-30,"Y","TOG.adult",1.96566572617269,"unknown","",1.56785524351156,1.2537290890262
"TOR.lact","TOR","TOR.lact.adult",35,1990-11-01,2024-11-30,"Y","TOR.adult",0.401094276094276,"lact","1.00670493397947",0.133698092031425,3
"TOR.unknown","TOR","TOR.unknown.adult",35,1990-11-01,2024-11-30,"Y","TOR.adult",0,"unknown","",0.133698092031425,0
"TOR.unknown","TOR","TOR.unknown.elder",35,1990-11-01,2024-11-30,"Y","TOR.elder",0,"unknown","",0.133698092031425,0
"TST.unknown","TST","TST.unknown.elder",15,1982-11-01,2024-11-30,"Y","TST.elder",0,"unknown","",0,NA
"TTM.cyc","TTM","TTM.cyc.adult",100,2010-11-01,2024-11-30,"Y","TTM.adult",0.741258354893914,"cyc","2.49838180649466",0.713644708514424,1.03869382908615
"TTM.juvenile","TTM","TTM.juvenile.juvenile",100,2010-11-01,2024-11-30,"Y","TTM.juvenile",1.0024666486908,"juvenile","1.45481097967996",0.713644708514424,1.40471390977957
"TTM.lact","TTM","TTM.lact.adult",100,2010-11-01,2024-11-30,"Y","TTM.adult",0.342549626940342,"lact","0.859763951088181",0.713644708514424,0.480000233804604
"TTM.preg","TTM","TTM.preg.adult",100,2010-11-01,2024-11-30,"Y","TTM.adult",0.768304203532639,"preg","1.68159371809708",0.713644708514424,1.07659202732968
"TUF.juvenile","TUF","TUF.juvenile.juvenile",84,2014-01-23,2024-11-30,"Y","TUF.juvenile",1.82477896725441,"juvenile","2.64817635630847",1.47201186555812,1.23964963187476
"TUF.preg","TUF","TUF.preg.adult",84,2014-01-23,2024-11-30,"Y","TUF.adult",1.11924476386183,"preg","2.44970020373337",1.47201186555812,0.760350368125236
"TUK.cyc","TUK","TUK.cyc.adult",174,1988-11-01,2016-04-15,"Y","TUK.adult",0.313698997063947,"cyc","1.05730999428985",0.566306972680531,0.553938079870533
"TUK.juvenile","TUK","TUK.juvenile.juvenile",174,1988-11-01,2016-04-15,"Y","TUK.juvenile",0.202013798447398,"juvenile","0.293168747720381",0.566306972680531,0.356721368785546
"TUK.lact","TUK","TUK.lact.adult",174,1988-11-01,2016-04-15,"Y","TUK.adult",0,"lact","0",0.566306972680531,0
"TUK.lact","TUK","TUK.lact.elder",174,1988-11-01,2016-04-15,"Y","TUK.elder",0,"lact","0",0.566306972680531,0
"TUK.preg","TUK","TUK.preg.adult",174,1988-11-01,2016-04-15,"Y","TUK.adult",1.62839436094379,"preg","3.56408010701645",0.566306972680531,2.87546231902466
"TUK.unknown","TUK","TUK.unknown.adult",174,1988-11-01,2016-04-15,"Y","TUK.adult",1.25373467962805,"unknown","",0.566306972680531,2.21387823231926
"TUL.cyc","TUL","TUL.cyc.adult",71,1998-11-01,2024-11-30,"Y","TUL.adult",0.828866400770426,"cyc","2.79366124108768",0.840202190973168,0.986508259173173
"TUL.juvenile","TUL","TUL.juvenile.juvenile",71,1998-11-01,2024-11-30,"Y","TUL.juvenile",0.446663025084078,"juvenile","0.648211363398494",0.840202190973168,0.531613735220957
"TUL.lact","TUL","TUL.lact.adult",71,1998-11-01,2024-11-30,"Y","TUL.adult",0.9271922607778,"lact","2.32715618074089",0.840202190973168,1.10353468574496
"TUL.preg","TUL","TUL.preg.adult",71,1998-11-01,2024-11-30,"Y","TUL.adult",1.06607275743211,"preg","2.33332219671516",0.840202190973168,1.26882882344942
"TUL.unknown","TUL","TUL.unknown.adult",71,1998-11-01,2024-11-30,"Y","TUL.adult",0.932216510801429,"unknown","",0.840202190973168,1.1095144964115
"TUN.preg","TUN","TUN.preg.adult",35,1992-11-01,2024-11-30,"Y","TUN.adult",0.136601307189542,"preg","0.298980402550962",0.232684858253575,0.587065734379145
"TUN.unknown","TUN","TUN.unknown.adult",35,1992-11-01,2024-11-30,"Y","TUN.adult",0.328768409317608,"unknown","",0.232684858253575,1.41293426562086
"TUX.juvenile","TUX","TUX.juvenile.juvenile",24,2018-03-01,2024-11-30,"Y","TUX.juvenile",2.02542397528118,"juvenile","2.93935867252473",2.02542397528118,1
"UVE.cyc","UVE","UVE.cyc.adult",32,1989-11-01,2018-09-01,"Y","UVE.adult",0,"cyc","0",0.385021407201917,0
"UVE.lact","UVE","UVE.lact.adult",32,1989-11-01,2018-09-01,"Y","UVE.adult",0.97800691541711,"lact","2.45469568103492",0.385021407201917,2.54013646286481
"UVE.preg","UVE","UVE.preg.adult",32,1989-11-01,2018-09-01,"Y","UVE.adult",0.39465087268906,"preg","0.863775605162703",0.385021407201917,1.02501020802226
"UVE.unknown","UVE","UVE.unknown.adult",32,1989-11-01,2018-09-01,"Y","UVE.adult",0.167427840701498,"unknown","",0.385021407201917,0.434853329112928
"VBE.cyc","VBE","VBE.cyc.adult",140,2001-11-01,2024-11-30,"Y","VBE.adult",0.799222740162082,"cyc","2.69374846188887",0.709281373917396,1.12680632757623
"VBE.juvenile","VBE","VBE.juvenile.juvenile",140,2001-11-01,2024-11-30,"Y","VBE.juvenile",0.462933543630743,"juvenile","0.671823649211382",0.709281373917396,0.652679684895626
"VBE.lact","VBE","VBE.lact.adult",140,2001-11-01,2024-11-30,"Y","VBE.adult",0.670051220734013,"lact","1.68175890341887",0.709281373917396,0.944690281422853
"VBE.preg","VBE","VBE.preg.adult",140,2001-11-01,2024-11-30,"Y","VBE.adult",0.887951203867774,"preg","1.94346609003989",0.709281373917396,1.25190261089696
"VBE.unknown","VBE","VBE.unknown.adult",140,2001-11-01,2024-11-30,"Y","VBE.adult",0.726248161192371,"unknown","",0.709281373917396,1.02392109520833
"VLT.juvenile","VLT","VLT.juvenile.juvenile",23,2010-12-01,2024-11-30,"Y","VLT.juvenile",2.87455094197595,"juvenile","4.17163830587032",2.3857232253617,1.20489707750577
"VLT.unknown","VLT","VLT.unknown.adult",23,2010-12-01,2024-11-30,"Y","VLT.adult",1.89689550874746,"unknown","",2.3857232253617,0.795102922494234
"WAC.cyc","WAC","WAC.cyc.elder",107,1991-11-01,2024-11-30,"Y","WAC.elder",0,"cyc","0",0,NA
"WAC.unknown","WAC","WAC.unknown.adult",107,1991-11-01,2024-11-30,"Y","WAC.adult",0,"unknown","",0,NA
"WAC.unknown","WAC","WAC.unknown.elder",107,1991-11-01,2024-11-30,"Y","WAC.elder",0,"unknown","",0,NA
"WES.unknown","WES","WES.unknown.adult",13,2002-11-01,2024-11-30,"Y","WES.adult",0.0526315789473684,"unknown","",0.0526315789473684,1
"WHE.juvenile","WHE","WHE.juvenile.juvenile",38,2004-11-01,2024-11-30,"Y","WHE.juvenile",0.315237530164935,"juvenile","0.457482571305565",0.396557186778161,0.794935864675888
"WHE.lact","WHE","WHE.lact.adult",38,2004-11-01,2024-11-30,"Y","WHE.adult",0.385563866408079,"lact","0.967725220257146",0.396557186778161,0.972278095728394
"WHE.unknown","WHE","WHE.unknown.adult",38,2004-11-01,2024-11-30,"Y","WHE.adult",0.488870163761468,"unknown","",0.396557186778161,1.23278603959572
"WHL.cyc","WHL","WHL.cyc.adult",38,1995-11-01,2017-05-01,"Y","WHL.adult",0.0871212121212121,"cyc","0.293638580781392",0.20078229519019,0.433908836626691
"WHL.juvenile","WHL","WHL.juvenile.juvenile",38,1995-11-01,2017-05-01,"Y","WHL.juvenile",0.111111111111111,"juvenile","0.161247922432123",0.20078229519019,0.553390980045635
"WHL.preg","WHL","WHL.preg.adult",38,1995-11-01,2017-05-01,"Y","WHL.adult",0.441941391941392,"preg","0.967280752908381",0.20078229519019,2.20109742008261
"WHL.unknown","WHL","WHL.unknown.adult",38,1995-11-01,2017-05-01,"Y","WHL.adult",0.162955465587045,"unknown","",0.20078229519019,0.811602763245065
"WHN.juvenile","WHN","WHN.juvenile.juvenile",93,2006-11-01,2024-11-30,"Y","WHN.juvenile",0.659956667844757,"juvenile","0.957749774266745",0.61878856457449,1.0665301617178
"WHN.lact","WHN","WHN.lact.adult",93,2006-11-01,2024-11-30,"Y","WHN.adult",0.234387023444305,"lact","0.588287061236152",0.61878856457449,0.378783702322427
"WHN.preg","WHN","WHN.preg.adult",93,2006-11-01,2024-11-30,"Y","WHN.adult",0.784771753764867,"preg","1.71763638048997",0.61878856457449,1.26823894088042
"WHN.unknown","WHN","WHN.unknown.adult",93,2006-11-01,2024-11-30,"Y","WHN.adult",0.796038813244031,"unknown","",0.61878856457449,1.28644719507935
"WHO.cyc","WHO","WHO.cyc.adult",59,2003-05-17,2024-11-30,"Y","WHO.adult",1.17859659310102,"cyc","3.97241294611997",0.627579538598802,1.87800353678272
"WHO.juvenile","WHO","WHO.juvenile.juvenile",59,2003-05-17,2024-11-30,"Y","WHO.juvenile",0.0996138327168696,"juvenile","0.144562712139866",0.627579538598802,0.158727024369337
"WHO.lact","WHO","WHO.lact.adult",59,2003-05-17,2024-11-30,"Y","WHO.adult",0.46433306604315,"lact","1.16542772224848",0.627579538598802,0.739879230415745
"WHO.preg","WHO","WHO.preg.adult",59,2003-05-17,2024-11-30,"Y","WHO.adult",0.449728034894619,"preg","0.984323442268931",0.627579538598802,0.71660723021456
"WHO.unknown","WHO","WHO.unknown.adult",59,2003-05-17,2024-11-30,"Y","WHO.adult",0.945626166238352,"unknown","",0.627579538598802,1.50678297821763
"WHT.lact","WHT","WHT.lact.adult",28,1992-11-01,2024-11-30,"Y","WHT.adult",0,"lact","0",0,NA
"WHT.unknown","WHT","WHT.unknown.adult",28,1992-11-01,2024-11-30,"Y","WHT.adult",0,"unknown","",0,NA
"WHZ.juvenile","WHZ","WHZ.juvenile.juvenile",21,2019-11-01,2024-11-30,"Y","WHZ.juvenile",1.14532326166546,"juvenile","1.66212896811065",1.14532326166546,1
"WIY.juvenile","WIY","WIY.juvenile.juvenile",132,2016-11-06,2024-11-30,"Y","WIY.juvenile",1.90710973406595,"juvenile","2.76765734221391",2.21501627253125,0.860991297317453
"WIY.unknown","WIY","WIY.unknown.adult",132,2016-11-06,2024-11-30,"Y","WIY.adult",2.52292281099655,"unknown","",2.21501627253125,1.13900870268255
"WLV.cyc","WLV","WLV.cyc.adult",44,2004-11-01,2024-11-30,"Y","WLV.adult",0.627502231370974,"cyc","2.11497131606215",1.32775622960281,0.472603492554269
"WLV.lact","WLV","WLV.lact.adult",44,2004-11-01,2024-11-30,"Y","WLV.adult",2.27946089203594,"lact","5.72120985911663",1.32775622960281,1.71677665012186
"WLV.preg","WLV","WLV.preg.adult",44,2004-11-01,2024-11-30,"Y","WLV.adult",1.6702232648141,"preg","3.65563137233529",1.32775622960281,1.25792914962541
"WLV.unknown","WLV","WLV.unknown.adult",44,2004-11-01,2024-11-30,"Y","WLV.adult",0.733838530190214,"unknown","",1.32775622960281,0.55269070769846
"WNG.cyc","WNG","WNG.cyc.adult",141,1994-11-01,2024-11-30,"Y","WNG.adult",0.111111111111111,"cyc","0.374495581286413",0.180442296430828,0.615770876944614
"WNG.juvenile","WNG","WNG.juvenile.juvenile",141,1994-11-01,2024-11-30,"Y","WNG.juvenile",0.171100262229294,"juvenile","0.248306056308587",0.180442296430828,0.948227026665475
"WNG.lact","WNG","WNG.lact.adult",141,1994-11-01,2024-11-30,"Y","WNG.adult",0.45784135132772,"lact","1.14913419321174",0.180442296430828,2.5373283336772
"WNG.preg","WNG","WNG.preg.adult",141,1994-11-01,2024-11-30,"Y","WNG.adult",0.342601053916843,"preg","0.749853739483711",0.180442296430828,1.89867376271271
"WNG.unknown","WNG","WNG.unknown.adult",141,1994-11-01,2024-11-30,"Y","WNG.adult",0,"unknown","",0.180442296430828,0
"WNG.unknown","WNG","WNG.unknown.elder",141,1994-11-01,2024-11-30,"Y","WNG.elder",0,"unknown","",0.180442296430828,0
"WOF.cyc","WOF","WOF.cyc.adult",279,2002-10-19,2022-08-28,"Y","WOF.adult",1.165219457775,"cyc","3.92732584349121",1.93728720161832,0.601469651377263
"WOF.juvenile","WOF","WOF.juvenile.juvenile",279,2002-10-19,2022-08-28,"Y","WOF.juvenile",1.63326104852815,"juvenile","2.37023955778027",1.93728720161832,0.843066039544264
"WOF.lact","WOF","WOF.lact.adult",279,2002-10-19,2022-08-28,"Y","WOF.adult",2.72061111253464,"lact","6.82845104920978",1.93728720161832,1.40434062139159
"WOF.preg","WOF","WOF.preg.adult",279,2002-10-19,2022-08-28,"Y","WOF.adult",1.44154700741969,"preg","3.15512577032987",1.93728720161832,0.744105988113422
"WOF.unknown","WOF","WOF.unknown.adult",279,2002-10-19,2022-08-28,"Y","WOF.adult",2.72579738183412,"unknown","",1.93728720161832,1.40701769957346
"WON.unknown","WON","WON.unknown.adult",21,2015-12-04,2024-11-30,"Y","WON.adult",0.772191230765085,"unknown","",0.772191230765085,1
"WOP.juvenile","WOP","WOP.juvenile.juvenile",36,2014-09-01,2024-11-30,"Y","WOP.juvenile",0.867340374885132,"juvenile","1.25871150142554",0.634696837074905,1.3665427716363
"WOP.preg","WOP","WOP.preg.adult",36,2014-09-01,2024-11-30,"Y","WOP.adult",0.794593273594485,"preg","1.73913282157634",0.634696837074905,1.25192568668923
"WOP.unknown","WOP","WOP.unknown.adult",36,2014-09-01,2024-11-30,"Y","WOP.adult",0.242156862745098,"unknown","",0.634696837074905,0.381531541674469
"WPY.juvenile","WPY","WPY.juvenile.juvenile",31,2016-11-01,2024-11-30,"Y","WPY.juvenile",0.544235188902372,"juvenile","0.789811141724653",0.565633596988221,0.962169135285125
"WPY.unknown","WPY","WPY.unknown.adult",31,2016-11-01,2024-11-30,"Y","WPY.adult",0.58703200507407,"unknown","",0.565633596988221,1.03783086471487
"ZEP.cyc","ZEP","ZEP.cyc.adult",187,2004-11-01,2024-11-30,"Y","ZEP.adult",1.39222092810508,"cyc","4.69242527174839",1.74129427845518,0.79953224755336
"ZEP.juvenile","ZEP","ZEP.juvenile.juvenile",187,2004-11-01,2024-11-30,"Y","ZEP.juvenile",2.01035558528607,"juvenile","2.91749095329475",1.74129427845518,1.1545179985715
"ZEP.lact","ZEP","ZEP.lact.adult",187,2004-11-01,2024-11-30,"Y","ZEP.adult",0.894793460564176,"lact","2.24583856048544",1.74129427845518,0.513866881454413
"ZEP.preg","ZEP","ZEP.preg.adult",187,2004-11-01,2024-11-30,"Y","ZEP.adult",2.1572761697415,"preg","4.72164806408446",1.74129427845518,1.23889235520567
"ZEP.unknown","ZEP","ZEP.unknown.adult",187,2004-11-01,2024-11-30,"Y","ZEP.adult",2.25182524857908,"unknown","",1.74129427845518,1.29319051721506
"ZIP.cyc","ZIP","ZIP.cyc.adult",358,1990-11-01,2017-04-03,"Y","ZIP.adult",1.2556098461044,"cyc","4.23198305267231",1.14497463929517,1.09662677496275
"ZIP.juvenile","ZIP","ZIP.juvenile.juvenile",358,1990-11-01,2017-04-03,"Y","ZIP.juvenile",0.163135231327534,"juvenile","0.236746954143438",1.14497463929517,0.142479340352864
"ZIP.lact","ZIP","ZIP.lact.adult",358,1990-11-01,2017-04-03,"Y","ZIP.adult",1.02856440181179,"lact","2.58158971577094",1.14497463929517,0.898329418409622
"ZIP.preg","ZIP","ZIP.preg.adult",358,1990-11-01,2017-04-03,"Y","ZIP.adult",1.669215669487,"preg","3.65342604017045",1.14497463929517,1.45786256935311
"ZIP.unknown","ZIP","ZIP.unknown.adult",358,1990-11-01,2017-04-03,"Y","ZIP.adult",1.60834804774511,"unknown","",1.14497463929517,1.40470189692165
